intern_id,name,age,gender,department,internship_duration,attendance_rate,task_completion_rate,punctuality_score,communication_score,teamwork_score,technical_score,problem_solving_score,initiative_score,project_score,mentor_feedback_score,training_hours,certifications,late_submissions,extra_activities
1,Intern_1,27,male,Data Science,9,91,88,5.6,9.5,7.5,,5.1,9.3,94,9.9,79,3,5,No
2,Intern_2,22,Female,Marketing,Six,94,54,5.6,,8,6.7,5.8,5.2,44,6.7,65,4,5,yes
3,Intern_3,27,female,Data Science,9,83,70,3.8,8.4,9.4,4.9,7.7,3.9,54,,144,1,0,No
4,Intern_4,27,Female,Web Dev,Six,85,86,4.2,,7,5.1,4.5,7.2,69,,61,2,13,No
5,Intern_5,19,male,IoT,Six,63,77,4.2,4,7.3,4.4,10,5.3,92,8,142,3,3,no
6,Intern_6,24,Male,Web Dev,9,76,83,4.3,4.7,4.4,5.9,3.2,8.4,95,,145,1,9,No
7,Intern_7,22,Male,Web Dev,3,97,91,3.5,4.4,7,6.4,9.6,3.2,47,8.2,81,4,10,yes
8,Intern_8,24,male,IoT,Six,95,81,8,5.6,4.4,10,5.5,5.4,60,4.7,58,4,9,Yes
9,Intern_9,26,Male,IoT,Six,98,67,5.4,7.9,8.9,4.9,9.4,4.7,71,3.8,100,1,10,No
10,Intern_10,25,Male,IoT,6,91,59,4.2,9.8,4.7,,7.9,6.7,65,5.2,70,3,12,yes
11,Intern_11,19,female,data science,Six,87,71,7,5.3,3.2,9.9,6.3,6.3,78,8.9,139,0,1,no
12,Intern_12,23,Male,Data Science,Six,86,51,5.8,,7.3,3.9,3.4,8.2,79,8.1,123,3,6,No
13,Intern_13,26,Male,Data Science,Six,71,82,6.9,9.2,9.6,6.9,8.1,8.2,73,3.2,24,3,2,Yes
14,Intern_14,27,Female,Marketing,6,69,85,7.1,,3.5,8.9,8.4,5.7,43,7.5,142,2,0,No
15,Intern_15,20,male,Web Dev,3,71,74,6.5,5.7,7,6.9,9.9,6,96,,64,3,7,Yes
16,Intern_16,25,Female,Data Science,3,98,71,5,6.7,4.1,4.8,5,9.5,75,8.3,137,6,11,Yes
17,Intern_17,21,Female,data science,6,90,54,8.8,4.7,6.7,,5.6,5,78,9.2,95,5,11,No
18,Intern_18,21,male,IoT,Six,84,94,5.1,,9.7,4.3,8,9.1,69,7.9,120,5,12,Yes
19,Intern_19,20,female,data science,9,71,82,4.9,6,6.6,5.2,8.4,5.1,52,4.3,56,2,10,no
20,Intern_20,22,female,data science,6,83,68,5.8,,7.4,3.6,3,8,91,7,29,5,6,No
21,Intern_21,24,Male,Marketing,3,72,61,9.7,4.2,7.2,,4.5,5.8,60,8.7,18,4,5,no
22,Intern_22,27,Female,Data Science,6,81,95,5.9,9.5,4.7,4.8,7.9,9.1,90,3.5,67,0,14,No
23,Intern_23,20,Female,Marketing,Six,68,69,3.8,8.3,8.2,5.8,9.7,5.3,50,,108,4,2,Yes
24,Intern_24,27,Male,HR,6,91,59,9.4,7.2,9.7,4.9,7.7,7.1,83,9.2,95,3,0,No
25,Intern_25,26,Female,Data Science,3,67,58,3.4,6.9,5,5.3,8.5,7.4,75,5.2,124,3,3,yes
26,Intern_26,27,Male,data science,3,82,91,8,9.3,9.5,4.2,4.6,4.5,87,5.5,23,6,9,yes
27,Intern_27,20,female,Web Dev,3,99,59,7.3,8,3.8,3.6,9.3,7.1,48,5.4,53,4,6,No
28,Intern_28,19,male,Marketing,3,82,59,8.3,9.9,7.1,3.4,6.7,3.6,68,9.6,61,0,3,no
29,Intern_29,24,Male,Web Dev,9,83,60,3.1,4.1,8.7,9.8,3.9,6.3,88,6.4,100,4,7,No
30,Intern_30,23,female,IoT,6,85,78,4.5,8.5,3.4,6,6.3,7.9,82,,14,0,12,Yes
31,Intern_31,20,Male,data science,3,69,87,3.5,7.9,6.5,4,6.5,3.4,95,4,38,2,0,yes
32,Intern_32,24,Female,Data Science,9,64,94,4.5,7.6,4.1,,3.1,5.4,60,9.1,72,2,13,yes
33,Intern_33,23,male,Web Dev,6,92,71,9.5,3.4,4,3.4,8.6,4.6,43,6.3,25,1,11,yes
34,Intern_34,26,male,Data Science,9,99,88,7.6,,5.3,6.1,5.9,3.6,45,3.2,57,0,14,No
35,Intern_35,25,Male,data science,6,90,73,4,,6.4,4.8,4.8,6.2,54,5.9,11,5,1,yes
36,Intern_36,19,Female,Web Dev,Six,98,66,8,,5.4,7.3,9.9,5.8,56,,143,0,14,No
37,Intern_37,19,female,Marketing,3,95,99,8.3,8.6,7.6,3.3,8.1,3.4,77,5.7,10,0,12,Yes
38,Intern_38,21,Female,Marketing,3,93,68,6.4,6.1,8.5,,8.4,8.3,53,,68,2,2,no
39,Intern_39,23,Male,data science,9,76,94,3.8,3.1,3.1,6.7,4,7.5,65,6.3,110,2,9,yes
40,Intern_40,24,female,Data Science,3,66,68,7.3,7.3,9.1,9.4,7.9,3.5,65,,25,0,8,no
41,Intern_41,27,male,HR,6,77,87,3.3,3.4,3.4,,8.8,5.3,74,4.3,21,1,12,no
42,Intern_42,27,Male,IoT,6,63,51,6.8,8.7,7,8.4,8.8,8.6,79,3,52,0,11,No
43,Intern_43,26,Female,Marketing,9,68,57,3.9,5.6,5.9,3.6,8,6.2,49,5.8,98,5,4,yes
44,Intern_44,24,female,Data Science,6,74,65,5.6,3.1,8.9,7.8,8.6,7.9,45,6.8,34,6,7,No
45,Intern_45,20,female,HR,3,99,95,7.6,6.2,7.3,,6.8,4.3,68,8.9,94,3,5,Yes
46,Intern_46,20,Male,Marketing,3,97,55,8.5,6.5,8.7,6.6,7.3,3.6,80,5.6,38,5,7,no
47,Intern_47,20,male,Web Dev,3,70,60,5.1,5.9,6.1,6.9,5.7,6.7,92,7.3,108,0,13,Yes
48,Intern_48,24,male,IoT,Six,60,71,8.1,9.6,9,4.1,3.2,5,81,5.9,44,4,9,yes
49,Intern_49,24,Female,Marketing,9,93,54,7.2,8.3,5,9.6,4,9.5,87,,96,4,11,Yes
50,Intern_50,26,female,HR,9,61,56,7.3,5.4,3.4,,6.5,9.7,95,3,16,4,8,No
51,Intern_51,23,female,Marketing,3,95,85,8.7,9.3,7,9.8,3.3,6.6,87,,57,2,3,no
52,Intern_52,22,male,HR,9,60,60,4.7,8.1,3,7.8,3.8,6.7,64,5.5,94,1,1,No
53,Intern_53,19,Male,IoT,6,79,86,3.9,5.5,6.7,3.7,9.6,8.7,55,,56,2,6,No
54,Intern_54,19,Female,IoT,6,83,80,8.4,8.1,4,7.3,9.9,3.2,61,,116,4,14,yes
55,Intern_55,19,Male,Marketing,6,60,73,9.6,5,4.9,,3.8,7.1,52,5.8,66,6,4,no
56,Intern_56,19,Female,Marketing,9,74,81,3.7,9.9,7.2,6.3,9.8,9.9,50,7.2,106,5,14,Yes
57,Intern_57,21,male,data science,Six,72,100,7.2,5.9,8.5,5.8,3.2,3.9,83,9.3,145,4,7,no
58,Intern_58,21,male,HR,3,85,69,7,6.4,8.9,6.2,8.8,4.1,59,7,100,3,6,no
59,Intern_59,26,male,data science,3,76,74,3.1,9.2,6,6.8,6.2,3.5,54,3.3,110,0,7,no
60,Intern_60,19,male,IoT,3,92,90,9.4,9.7,9.8,6.8,6.4,4.4,92,9.8,62,5,5,yes
61,Intern_61,24,female,data science,9,69,55,3.9,9.4,6.9,3.7,5.8,9.5,49,5.2,88,2,0,no
62,Intern_62,19,Male,Data Science,9,74,86,6.7,,3.9,9.4,8.2,7.1,63,5.3,117,2,12,no
63,Intern_63,20,Female,HR,9,63,69,8,9.3,8,7.5,4.8,4.3,89,4.1,122,1,10,no
64,Intern_64,23,Male,data science,9,78,94,8.5,4.3,8.1,5.1,7.8,5.9,86,,73,3,10,Yes
65,Intern_65,20,female,data science,9,90,91,9.8,3.1,7.5,9.3,3.2,9.2,65,,13,0,10,no
66,Intern_66,21,Female,Data Science,3,100,84,8.8,,3.4,3.4,6.3,9.4,63,4.4,130,0,0,no
67,Intern_67,21,Male,HR,Six,81,58,6.8,4.3,5.3,4.7,5.2,5.3,78,4.7,131,3,8,No
68,Intern_68,23,Female,data science,9,100,98,9.6,4.3,5.7,,5.3,3,75,,51,3,14,Yes
69,Intern_69,27,female,IoT,9,79,92,4.9,9.5,5.7,,9.2,3.1,43,3.1,21,0,2,no
70,Intern_70,19,male,HR,9,61,53,6.2,3.1,7,5.9,8.9,3.6,64,7.7,98,3,7,No
71,Intern_71,25,Male,Marketing,9,63,88,9.5,6.2,9.3,8.6,7.4,4.6,87,6.5,114,0,11,yes
72,Intern_72,19,female,Data Science,3,86,75,8.5,8.7,7.6,6.5,7.7,8.4,41,6,38,3,9,no
73,Intern_73,23,Male,Marketing,Six,62,99,9.4,3.7,4.8,3.3,8.9,7.1,93,4.7,81,0,5,Yes
74,Intern_74,20,male,Data Science,9,91,100,3.9,6.9,8.5,7.6,3.4,5.5,93,7.4,69,2,11,yes
75,Intern_75,24,male,data science,6,79,64,5.3,8,8.7,3.4,3.8,3.2,64,4.3,20,2,4,Yes
76,Intern_76,20,Male,IoT,6,96,60,5.6,,7.6,7.7,3.7,8.1,52,,76,4,8,No
77,Intern_77,27,Male,Marketing,Six,61,59,9.8,,7.2,3.3,7.5,8.8,94,,45,2,14,Yes
78,Intern_78,27,male,HR,9,95,54,7.6,9.8,8.5,3.1,3.5,9.2,60,,146,4,11,Yes
79,Intern_79,26,Female,HR,9,97,79,3.3,9.9,8.5,9.2,9.3,3.5,96,,144,5,9,Yes
80,Intern_80,19,male,Marketing,6,91,96,6.7,4.2,9.2,3.6,5.4,8.4,58,6.4,102,0,11,no
81,Intern_81,19,Female,data science,Six,87,96,7.8,7.7,8.4,6.9,4.5,6.4,60,8.4,91,3,5,Yes
82,Intern_82,20,male,HR,6,98,74,6,,3.1,5.3,9.6,8.3,62,7.7,25,5,1,no
83,Intern_83,26,Female,Data Science,6,84,62,9.8,4.9,7.6,9.8,5,9,76,,131,3,6,No
84,Intern_84,27,Male,Web Dev,3,79,83,6,6.1,5.3,,9.8,6.2,86,8.9,108,2,4,No
85,Intern_85,26,female,IoT,Six,60,75,4.1,7.5,9.3,5.5,8.7,6.8,68,6.8,127,5,5,no
86,Intern_86,23,Male,HR,9,94,86,9.8,8.6,9.2,9.5,5.8,3.3,74,5.9,110,5,11,No
87,Intern_87,19,female,Web Dev,6,73,62,7,6.1,9.2,8.4,8.1,3.1,79,4,39,2,1,No
88,Intern_88,19,female,data science,9,61,58,7.6,6.9,7.3,8.7,3.4,3.6,73,3.7,71,5,13,Yes
89,Intern_89,23,female,Data Science,9,83,78,5.5,4.3,5.6,8.9,6.4,4.2,79,8.4,59,2,10,no
90,Intern_90,22,female,Marketing,3,76,53,5.5,7,4.6,7.2,6.1,9.1,98,5.3,145,4,2,No
91,Intern_91,19,Male,IoT,Six,72,61,5.6,,5.3,,5.4,4.2,95,,104,5,8,no
92,Intern_92,27,male,data science,3,80,86,6.8,8.9,4.3,4.3,5.7,9.2,84,7.7,11,0,11,Yes
93,Intern_93,21,Male,HR,Six,91,99,4.3,,8.1,4.8,5.3,3.2,44,4.4,84,4,14,no
94,Intern_94,26,Male,HR,6,81,64,5.6,4.2,7.1,5.6,7.6,5.5,90,,74,4,12,yes
95,Intern_95,21,male,Data Science,6,74,78,4.2,8.8,8.8,7.8,8,8.5,65,5,79,0,12,no
96,Intern_96,20,female,Data Science,Six,65,84,6.6,6.2,5.6,,4.4,4.7,69,6.3,81,6,7,Yes
97,Intern_97,22,male,IoT,9,89,94,3.4,6.4,8.6,6.5,9,4.6,44,8.4,22,1,11,Yes
98,Intern_98,21,female,HR,3,80,93,3.8,6.4,8.2,5.7,7.3,4,56,9.5,53,3,0,yes
99,Intern_99,23,female,HR,Six,91,79,3.9,6.1,9.5,7,3.2,3.1,98,,47,4,11,yes
100,Intern_100,20,male,HR,9,69,71,8.7,5.9,4.5,9.8,3.7,7.7,47,4.2,95,0,6,Yes
101,Intern_101,21,male,Data Science,6,61,65,5.8,3.5,7.1,8.6,8.9,4.3,54,,90,4,5,no
102,Intern_102,21,female,HR,6,90,77,9.2,4.4,8,7.8,6.3,8.8,63,9.3,20,1,9,Yes
103,Intern_103,26,female,data science,3,61,77,7.7,9.9,8,6.2,6.8,6.5,93,,98,2,9,yes
104,Intern_104,22,Male,Marketing,3,92,62,8.9,,8.3,6.8,5.5,5,64,9.8,133,2,8,yes
105,Intern_105,23,Male,Web Dev,6,67,62,6.8,7.6,3.5,,4.9,4.7,42,8,138,2,0,yes
106,Intern_106,20,male,Marketing,3,83,60,3.3,8,5.5,5.7,9.1,7.2,43,5.7,126,0,2,yes
107,Intern_107,25,Male,HR,3,89,100,5.3,,3.2,5.4,7.4,5,94,5,29,1,1,yes
108,Intern_108,26,Male,Web Dev,3,87,76,6.4,,3.9,6,5.1,9.9,92,4.5,143,6,5,yes
109,Intern_109,20,female,Web Dev,3,93,82,3.9,8.6,3.7,4.8,4.6,4,86,7.4,67,5,10,No
110,Intern_110,19,Female,IoT,3,73,65,4.7,5.7,4.4,4.9,9.9,6.5,100,9.3,82,1,3,no
111,Intern_111,19,female,Web Dev,6,69,53,4.6,8.3,6.1,6.9,3.8,6.2,99,3.5,62,5,12,no
112,Intern_112,24,Female,IoT,9,98,65,3,,10,4.4,5.8,3.4,62,5.2,78,6,1,No
113,Intern_113,27,Female,Marketing,Six,97,58,5.8,8.1,9.2,6.3,3.5,4.8,53,7.4,79,3,3,Yes
114,Intern_114,23,Male,data science,3,83,92,9.9,10,5,4,4,4.3,73,6.8,27,2,14,no
115,Intern_115,27,female,HR,9,89,62,9,3.7,4.5,3,3.2,7.1,54,,107,0,5,Yes
116,Intern_116,27,female,HR,Six,61,72,5.8,6.6,7.1,9.9,6.1,3.7,46,4.3,46,4,7,Yes
117,Intern_117,22,male,Web Dev,6,69,88,9.8,5.1,9.4,4.7,5.1,8.4,50,6.3,80,5,13,yes
118,Intern_118,23,male,HR,9,85,65,8.4,7.8,8.4,9.4,6.8,3.9,50,3.4,63,4,1,No
119,Intern_119,21,male,IoT,3,97,89,7.5,6.7,3.2,8.3,7.3,4.6,71,,16,2,10,No
120,Intern_120,24,Male,IoT,Six,95,67,9.4,7,9.1,9.9,8.1,9.9,48,3.4,97,6,0,no
121,Intern_121,23,Female,data science,3,63,59,6.3,4.7,5.6,3.1,6.2,7.7,75,6.3,123,1,10,Yes
122,Intern_122,26,female,Data Science,9,98,59,8.7,6.8,7.7,9.8,6.4,9.7,94,7.8,92,3,1,Yes
123,Intern_123,20,Female,Web Dev,Six,84,76,8.1,7.2,9.2,,7.6,8.6,50,,128,4,0,yes
124,Intern_124,19,Male,HR,3,77,92,4.9,6.6,8.2,5.2,6.5,3.8,73,,16,3,14,Yes
125,Intern_125,26,Female,Data Science,6,70,89,9.4,,4.1,,5.5,9.3,88,8,56,4,2,No
126,Intern_126,23,Female,IoT,Six,97,86,3.2,6.1,8.2,,3.6,5.4,51,4.8,88,5,5,No
127,Intern_127,27,male,IoT,Six,99,81,6.6,4.8,9,,7,3.2,74,,66,4,7,yes
128,Intern_128,27,Female,Web Dev,9,99,73,8.5,9,9.5,8,4,7.3,47,,83,4,10,yes
129,Intern_129,23,Male,HR,Six,98,60,8.6,6.9,4.5,5.8,9.9,4.1,47,5,95,2,6,yes
130,Intern_130,20,female,HR,9,76,66,6.5,,7.8,,6.2,8.2,95,6.6,40,4,2,yes
131,Intern_131,23,Female,HR,Six,92,100,4.7,3.3,9.9,9.8,8.4,6.3,96,6.3,10,1,2,no
132,Intern_132,19,male,Marketing,6,63,50,8.6,9.2,5.9,9.3,8.9,5.9,91,5.5,11,0,2,Yes
133,Intern_133,24,Male,Web Dev,3,88,51,6.8,9.8,7.9,4.8,3.1,4.2,47,7.5,27,4,5,yes
134,Intern_134,25,male,HR,3,93,76,4.3,3.5,6.7,4,8.1,9.4,57,3.5,93,5,7,no
135,Intern_135,26,female,Web Dev,9,64,100,5.3,9.2,7.8,8.2,7.8,6.2,52,6.4,145,0,2,no
136,Intern_136,19,Female,Data Science,Six,74,88,7.3,4.5,7.9,5,8.7,8,82,5.3,141,2,4,no
137,Intern_137,26,Male,Marketing,Six,73,78,5.2,8.6,7.2,6.8,6.6,9.5,58,5.4,57,3,2,Yes
138,Intern_138,27,Male,data science,6,96,99,6.9,5.2,3.9,8.7,3.1,8.2,53,5.8,81,4,11,yes
139,Intern_139,20,female,HR,Six,73,83,6.8,6.2,4.9,9.9,4.8,7.5,85,5.7,99,6,3,No
140,Intern_140,24,Male,Marketing,3,93,66,5.6,6.5,7.7,9,8.1,7.5,72,5.9,8,2,5,yes
141,Intern_141,22,Male,Web Dev,6,79,62,7,8.7,8.8,7.6,8.9,9.2,95,9.9,97,4,1,Yes
142,Intern_142,25,Female,Marketing,6,72,60,4.5,9,4.2,,8.6,5.9,52,3.5,63,1,7,no
143,Intern_143,20,Male,IoT,Six,67,94,4.5,7.8,6.1,8.5,5,8.9,41,5.9,123,1,13,Yes
144,Intern_144,22,male,Marketing,6,85,68,9.1,5.6,4.2,6.5,9.2,4.4,71,7.3,70,1,1,Yes
145,Intern_145,26,Male,Web Dev,3,85,87,7,5.9,9.9,6,9.8,3.7,80,6.3,120,3,6,no
146,Intern_146,23,male,Data Science,9,68,62,7.4,3.4,6.3,7.8,9.7,3.7,89,,130,5,8,no
147,Intern_147,19,female,Marketing,3,87,57,7.6,8,3.7,,9.1,7.9,42,9.5,115,4,7,no
148,Intern_148,27,female,IoT,3,67,51,4.5,4,4.2,4.4,4.6,4.1,93,8.1,100,1,12,no
149,Intern_149,23,male,Web Dev,9,70,98,6,4.4,9,7.3,9.7,6.7,88,3,124,3,10,no
150,Intern_150,26,Male,Web Dev,Six,64,97,4.6,8.4,3.5,10,3.3,7.8,65,4.1,123,1,4,Yes
151,Intern_151,27,Male,Data Science,9,86,90,9.1,,4.7,6.8,4.9,5,88,6.4,64,6,13,No
152,Intern_152,24,female,IoT,Six,64,86,6.1,8.4,5,6.8,8.3,5.8,86,7.5,149,6,2,no
153,Intern_153,25,Female,IoT,9,86,57,3.7,6,8.1,5.6,6.8,6.2,68,6.9,115,3,9,Yes
154,Intern_154,26,female,data science,9,69,58,3.2,5.8,8.5,5.5,3.6,7.4,44,5.2,146,1,7,Yes
155,Intern_155,22,female,Web Dev,6,83,64,8.2,8.8,4.4,4.6,8.1,8.1,55,3,111,2,13,no
156,Intern_156,24,Female,HR,6,96,58,7,8.8,3.7,4.7,9.6,8.9,91,8.5,6,3,12,no
157,Intern_157,20,male,Marketing,3,67,88,6.6,8.6,9.4,,4.7,7,91,4.6,55,6,4,Yes
158,Intern_158,27,Male,Data Science,6,88,56,5.3,,8,9,4.5,8.2,73,9.7,92,5,14,Yes
159,Intern_159,21,female,HR,9,63,81,4.6,6.5,3.6,9.9,7.2,5.5,69,,123,0,1,No
160,Intern_160,27,Male,Web Dev,6,87,100,9.2,9.2,9,8.3,3.2,9.9,69,10,45,6,9,Yes
161,Intern_161,23,female,Data Science,6,90,67,3.1,,8.4,6.9,9.4,4,81,3.4,113,6,1,Yes
162,Intern_162,24,male,data science,Six,94,93,6.2,9.6,4.8,9.2,6.4,3.9,59,5.8,118,1,1,No
163,Intern_163,19,male,Data Science,6,85,88,4.2,,3.8,7.6,9.9,9.3,79,9.7,31,0,14,No
164,Intern_164,27,Male,Web Dev,3,97,79,8.8,7.5,5.7,3.4,3.4,4.9,54,6,71,3,11,yes
165,Intern_165,26,Female,IoT,6,78,64,6,9,6.6,8.2,4,6.5,40,4.1,49,5,8,Yes
166,Intern_166,20,male,data science,Six,74,97,8.2,5.7,3.5,5.8,7.5,6.6,74,7.2,70,4,12,yes
167,Intern_167,21,Male,Web Dev,6,91,62,8.1,9.9,7.4,6.2,3.8,5.7,56,9.6,22,6,4,No
168,Intern_168,24,male,HR,9,87,62,5.4,3.8,6.9,4.7,5.8,8,57,5.8,23,5,6,no
169,Intern_169,21,female,data science,3,66,52,4.2,,4.8,4.5,9.5,5.1,58,8.9,34,0,11,no
170,Intern_170,26,female,Web Dev,3,78,64,9.9,3.3,5.5,4.7,5.4,8.1,88,3,82,0,13,Yes
171,Intern_171,25,female,Data Science,9,97,67,7.9,7.6,6.8,3.5,8.3,5.6,58,6.6,22,4,3,Yes
172,Intern_172,26,Female,HR,Six,98,74,9.8,3.2,7.8,9.4,3,6.8,45,8.9,104,1,9,no
173,Intern_173,20,Male,Marketing,6,100,100,4.8,4.3,7.3,4.2,7.1,6.2,44,,78,2,9,yes
174,Intern_174,24,Male,Marketing,3,77,95,6,5.1,8.7,,9.3,5.8,93,4.9,148,5,12,No
175,Intern_175,26,Male,HR,3,76,63,8.8,,4.9,3.6,4.6,9.6,94,,39,5,7,Yes
176,Intern_176,24,male,Marketing,Six,99,86,3.1,6.8,9.7,4.3,3.1,3.9,60,4.5,118,1,3,Yes
177,Intern_177,26,male,Data Science,Six,85,81,5.8,4.6,4.6,9.4,3.7,3.5,41,6.1,90,2,10,Yes
178,Intern_178,21,female,HR,9,74,63,3.9,6.7,5.8,9.1,4.3,3.5,59,3.9,90,1,0,No
179,Intern_179,25,female,HR,3,97,59,3.6,7.5,6.1,3.4,3.2,7.1,52,4.7,22,0,3,No
180,Intern_180,23,Female,data science,3,83,70,9.5,6.3,8.6,3.8,4.4,9.6,46,7.2,145,1,1,no
181,Intern_181,27,female,data science,9,61,70,6.9,3,8,5.9,7.7,7.3,92,3.6,10,3,13,no
182,Intern_182,23,male,data science,3,80,84,4.9,,9.2,8.5,9.4,4.2,41,7.6,118,6,2,No
183,Intern_183,22,male,Web Dev,6,91,100,3.2,6,5.4,10,7.5,9,80,4.1,97,2,2,yes
184,Intern_184,27,female,Web Dev,9,71,50,7.7,6.5,8.3,,6.4,4.6,88,8.4,35,0,8,Yes
185,Intern_185,24,Female,Web Dev,6,69,52,9.3,8.7,7.1,4.5,8.9,4.9,74,,40,5,3,yes
186,Intern_186,25,Male,HR,3,89,94,4.9,7.4,9.5,4.9,9,6.5,85,9.5,47,0,2,No
187,Intern_187,22,female,IoT,6,60,97,5,3.1,9.9,4.5,5.4,4.9,98,4.5,102,3,6,no
188,Intern_188,27,male,data science,6,85,100,5.9,,8.3,7.9,9,9.3,59,5.6,112,1,5,yes
189,Intern_189,23,female,Marketing,9,62,65,5.6,6.3,9.5,7.8,7.5,5.8,81,7.1,51,6,8,Yes
190,Intern_190,21,female,Data Science,3,87,82,3.9,3.7,7.8,9.4,7.1,7.3,90,7.5,27,1,1,Yes
191,Intern_191,26,male,Marketing,3,96,69,7.2,9.6,8.2,5.6,8.5,6.4,69,,56,1,11,Yes
192,Intern_192,26,Female,Data Science,9,63,98,4.1,,4.9,,9,4.6,48,6.5,20,3,6,no
193,Intern_193,21,Female,IoT,6,99,57,4.2,9.2,8.1,7.8,5.2,5.8,52,3,40,5,9,no
194,Intern_194,21,Female,Web Dev,Six,74,87,6.5,7.2,4.9,,9.2,4.6,81,8.5,69,5,11,yes
195,Intern_195,19,Female,Data Science,Six,67,78,4.4,3.8,5.7,6.8,8.6,4.2,68,6.7,67,5,6,No
196,Intern_196,26,Female,Web Dev,9,65,71,9.9,9,4.4,3.6,4.1,6.6,99,,126,4,11,Yes
197,Intern_197,24,male,Data Science,9,82,57,5.6,,7.3,7.5,5.9,4.4,71,7.2,83,5,14,yes
198,Intern_198,19,Female,Web Dev,3,79,76,5.5,5.7,3.1,5.8,7.1,8.4,76,9.3,126,3,14,yes
199,Intern_199,22,Female,data science,Six,84,81,4,5.2,3.7,9.8,7.7,8,73,,99,4,5,Yes
200,Intern_200,22,female,data science,9,76,58,8,9.8,7.9,7,8.4,7.5,80,5.6,85,0,4,No
201,Intern_201,24,Male,Web Dev,6,70,69,8.7,4.4,9.2,8.8,4.7,6.8,51,6.1,142,3,10,no
202,Intern_202,24,male,Marketing,6,81,77,8.8,,8,3.1,8.1,7.8,78,8.9,93,6,0,No
203,Intern_203,23,female,IoT,Six,65,65,9.6,6.7,9.3,9.8,7.3,8,71,,60,1,7,Yes
204,Intern_204,26,female,Web Dev,Six,73,97,9.1,5.1,7.3,6.7,7.6,6.7,79,8.2,22,3,0,Yes
205,Intern_205,21,Male,data science,6,98,74,6.6,8.1,7.5,8.2,5.5,8.2,95,7.5,122,0,13,Yes
206,Intern_206,21,Male,data science,3,81,96,9.8,6.1,4,6.6,7.1,7.3,63,5.7,53,2,2,no
207,Intern_207,25,male,data science,6,62,51,8.8,,8.4,4.6,3.9,9.2,50,5,90,5,3,yes
208,Intern_208,25,male,data science,6,83,57,6.3,9.6,8.5,9,3.3,9.8,77,4,110,2,10,Yes
209,Intern_209,22,male,Web Dev,Six,95,72,7.5,9.3,5.5,6.4,6.6,5.2,62,,143,2,1,yes
210,Intern_210,25,male,HR,6,97,57,7,8,9.6,4.5,9.3,5.9,92,7.4,136,4,12,yes
211,Intern_211,26,male,Marketing,3,87,50,4.3,5.7,8.3,3.1,8.6,9.3,58,8.3,144,4,11,Yes
212,Intern_212,26,male,data science,9,94,79,8,,3.6,4.2,3.1,4.7,67,5.6,55,1,10,No
213,Intern_213,19,female,HR,Six,88,61,3.9,5.8,9.6,7.3,8.5,4,58,9.9,80,2,1,Yes
214,Intern_214,27,Male,Marketing,9,88,67,8.8,6.1,9.3,6,7.4,4.4,44,5.3,68,2,2,Yes
215,Intern_215,23,Female,Web Dev,Six,76,96,7.4,9.4,9.3,,4.2,4.8,82,,103,5,12,yes
216,Intern_216,24,Male,Data Science,Six,81,97,7.9,3.1,5.3,3.5,9.4,9.5,62,7.1,79,1,1,No
217,Intern_217,23,Female,Web Dev,Six,95,92,5.6,7.9,4.9,7.2,5.3,7.6,76,6.9,137,5,11,no
218,Intern_218,24,female,HR,3,95,74,9.2,8.3,8.9,3.9,8.7,3.7,80,9.8,74,4,13,No
219,Intern_219,19,Female,Web Dev,Six,62,96,5,7.4,7.4,5.7,8,6.7,74,5.5,96,2,5,Yes
220,Intern_220,22,Female,Data Science,Six,97,59,6,5.8,6.4,4.8,4.3,4.9,92,4.1,134,5,8,no
221,Intern_221,24,male,Data Science,6,78,61,6.4,8.5,9.6,,3.6,4.2,43,4.6,52,5,8,No
222,Intern_222,23,Female,Data Science,9,68,92,4.1,8,5.5,6.1,9.2,5.1,80,5.6,14,1,3,no
223,Intern_223,21,Male,IoT,3,85,67,8,5.8,5.5,7.1,6.6,9.6,62,4.5,19,1,14,yes
224,Intern_224,24,male,Web Dev,6,80,67,9.2,3.8,7.2,7.9,6,6.7,93,9.7,41,0,5,yes
225,Intern_225,20,Female,Marketing,6,84,90,7.4,5.5,4.9,10,5.5,3.2,59,8.4,65,5,10,Yes
226,Intern_226,26,male,Marketing,Six,100,56,9.6,,9,7.8,8,4.8,57,6.6,101,1,8,No
227,Intern_227,25,Female,HR,Six,72,84,9.5,6.8,9.9,6.1,7.8,10,56,4.1,61,0,3,Yes
228,Intern_228,19,Female,Data Science,3,73,57,6.3,8.9,8.6,8.8,4.5,4.8,50,8.3,108,2,12,No
229,Intern_229,20,female,IoT,9,99,51,4.8,7.6,8.7,8.3,7.1,9.1,83,6,45,6,8,Yes
230,Intern_230,26,female,Marketing,6,78,62,5.8,8.8,8.1,8.5,8.2,7.4,94,8,21,2,0,no
231,Intern_231,19,female,Web Dev,Six,76,77,8.5,3.7,6.1,,4.4,8.5,65,6.2,97,4,11,Yes
232,Intern_232,22,Male,Marketing,6,67,88,3.7,3.4,7.6,7.7,8.9,6.5,92,9,19,1,2,No
233,Intern_233,26,Male,Web Dev,3,66,77,9.8,,9.4,6.2,5.9,4.6,97,5.8,118,0,4,Yes
234,Intern_234,22,male,Data Science,Six,80,84,3.2,6.3,10,3.9,7,3.8,57,,89,6,4,no
235,Intern_235,24,Female,Web Dev,Six,83,68,4.5,8,9.4,7.3,9,9.1,40,4,47,0,7,yes
236,Intern_236,25,Male,IoT,Six,85,64,6.6,6.7,6.3,6.2,5.3,5.9,80,3.1,101,1,11,no
237,Intern_237,20,male,data science,9,87,97,7.6,,9.1,5,3.4,4.4,78,,5,5,10,Yes
238,Intern_238,24,male,data science,9,71,72,3.6,8.2,8.8,9.8,6.5,5.5,43,7.3,97,4,4,Yes
239,Intern_239,22,female,IoT,Six,83,53,9.3,7.7,3.2,8.7,4.8,3.5,54,9.9,103,2,4,No
240,Intern_240,25,Female,data science,6,94,77,4.2,8.2,3.1,8.1,7.6,6.6,94,9.6,21,6,9,Yes
241,Intern_241,27,female,Data Science,Six,79,63,5.8,,5.2,6.6,6.8,5.7,66,5.8,69,2,10,yes
242,Intern_242,24,Male,data science,3,71,51,3.7,6.5,8.4,6.1,9.9,3.8,52,,6,1,9,No
243,Intern_243,25,female,Web Dev,3,68,78,3.2,3.1,8.5,5.9,9,8.4,68,6,146,2,5,no
244,Intern_244,26,female,Web Dev,Six,67,67,3.6,4.6,9,,5.8,6.3,60,7.5,96,4,6,No
245,Intern_245,19,Male,Data Science,3,85,80,7.9,8.6,7,5.4,6.6,3,88,7.6,50,4,12,No
246,Intern_246,21,Female,Marketing,6,99,53,6.9,6,9.1,3.5,5.1,8.2,48,,123,4,11,No
247,Intern_247,20,Female,IoT,6,73,64,7.1,6.7,8.9,3.5,5.7,5.1,72,,88,5,6,Yes
248,Intern_248,25,female,data science,9,67,53,7.4,5.9,9.9,7.7,3.7,9.2,87,9.7,142,4,12,no
249,Intern_249,21,Male,IoT,Six,88,59,3.8,5.4,3.4,4.9,8.1,3.1,44,,23,3,11,No
250,Intern_250,21,male,Marketing,Six,81,96,8.5,5.8,8.2,6,5.7,8.3,79,4.1,6,1,0,No
251,Intern_251,24,female,Data Science,3,87,72,6.3,3.1,3.4,,3.4,7.3,40,4,112,3,10,No
252,Intern_252,26,Female,data science,6,76,82,9.8,9.1,9.6,,9.4,8.8,58,8,53,5,3,yes
253,Intern_253,20,Female,Data Science,6,67,87,5.7,7.1,6.3,3.4,7,3.7,93,6.9,43,5,5,yes
254,Intern_254,23,male,Marketing,9,76,89,9.8,,4.8,7.1,5.6,7.1,89,7.5,89,0,9,No
255,Intern_255,26,Female,data science,Six,92,79,8.8,6.8,7.7,9,9.4,8.5,74,4,75,0,8,yes
256,Intern_256,22,male,Web Dev,3,68,70,4.8,6.4,3.4,7.9,6.9,6.8,45,3.9,17,3,0,no
257,Intern_257,20,female,IoT,3,73,79,6.1,6.2,7.3,4.3,9.9,7.9,43,6.8,6,5,6,yes
258,Intern_258,21,male,IoT,3,81,63,8.3,4.2,9.3,8.4,7.9,4.6,58,,34,2,3,Yes
259,Intern_259,22,male,HR,Six,97,63,8.3,5.2,6.3,6.5,8.5,8.4,75,,50,0,7,No
260,Intern_260,20,Male,data science,3,72,70,6.8,9.4,9.3,9.6,9.5,3.7,90,4.8,91,5,3,No
261,Intern_261,24,male,Marketing,6,91,70,7.9,4.2,7.5,5.1,4.4,9.7,70,,11,3,8,no
262,Intern_262,23,Male,HR,9,94,59,6,9.4,4.7,3.6,9.8,5.1,66,9.2,94,6,5,no
263,Intern_263,24,Male,Data Science,9,70,55,9.1,7.4,9.1,5.8,6.8,9.8,90,9.8,78,6,0,No
264,Intern_264,21,Male,HR,Six,85,64,8.1,,6.2,3.2,5.2,7.8,95,4.4,106,3,12,Yes
265,Intern_265,23,Male,data science,9,89,57,7,,4.8,9.5,8,8.4,64,4.4,69,6,10,no
266,Intern_266,20,female,Data Science,3,74,94,8.1,3.9,3.8,9.8,8.7,4.5,56,3.8,97,5,12,no
267,Intern_267,22,Female,IoT,6,64,100,4.3,9.2,3.3,3.1,5.6,9.7,74,5.7,84,3,7,yes
268,Intern_268,21,female,Web Dev,6,68,84,4.9,5.4,7.1,6.1,7,7.6,92,5.5,81,1,6,Yes
269,Intern_269,20,Male,Marketing,3,73,67,4.3,7.2,5.3,6.9,9.1,3.1,97,7.6,57,3,14,no
270,Intern_270,23,male,Web Dev,6,98,75,9.9,,6.1,6,5.3,9.6,43,4.2,44,0,14,yes
271,Intern_271,24,Male,IoT,9,67,83,4,7.9,8.6,,4.2,3.6,75,6.3,112,6,11,yes
272,Intern_272,27,Female,Data Science,9,92,98,8.9,5,8.7,,8.9,4.2,75,7.9,23,2,7,No
273,Intern_273,22,female,Web Dev,Six,69,91,4.7,5.6,7.7,8.4,5.1,9.7,44,8.5,57,0,4,Yes
274,Intern_274,20,male,Data Science,3,98,58,3.3,5.1,3.9,5.2,9.1,7.1,55,7.4,113,4,0,No
275,Intern_275,21,female,Data Science,9,90,87,7.3,6.1,7.6,5.3,5.6,3.5,69,4.2,117,2,14,No
276,Intern_276,25,Female,HR,9,83,74,5.5,8.1,8.9,3.5,3.9,5.7,68,,127,0,14,Yes
277,Intern_277,24,Male,Marketing,Six,83,57,7.8,3.3,8.2,3.1,8.3,9.5,59,3.7,89,1,4,No
278,Intern_278,26,male,Marketing,3,99,64,8.7,,7.6,3.7,8.3,6,83,,59,6,14,No
279,Intern_279,20,female,data science,3,69,65,9.8,6.2,4.9,,5.7,9.9,72,,80,5,4,Yes
280,Intern_280,22,male,HR,9,85,97,3.7,4.7,4.8,5.8,9.1,4.7,91,8.8,74,1,0,No
281,Intern_281,22,female,HR,6,72,100,6.5,8,3.5,6,8.6,4.7,95,6.1,137,2,2,Yes
282,Intern_282,24,male,Web Dev,3,66,53,4.6,9.6,7.9,3.8,3.1,6.8,43,9.8,80,3,13,yes
283,Intern_283,19,Female,Marketing,6,91,65,10,,4.7,6.1,3.2,7.9,92,3.4,85,4,14,No
284,Intern_284,26,Female,Marketing,3,62,71,4.9,5.3,4.5,9.5,9.2,3.1,78,,10,3,5,No
285,Intern_285,21,male,Marketing,6,95,92,3,,8.1,5.9,9.1,4.8,80,6.8,118,4,7,yes
286,Intern_286,25,female,Marketing,9,71,53,3.4,6.4,5.3,,8.2,4.9,96,9.1,84,5,10,No
287,Intern_287,19,Male,Web Dev,3,79,66,9.7,9.6,8.6,7.6,9.4,3.8,43,7.5,146,1,6,Yes
288,Intern_288,20,Female,IoT,Six,75,51,3.5,6,6,7.7,5,8.6,40,4.2,77,0,14,yes
289,Intern_289,19,female,HR,6,97,83,9.8,5.3,9,5.4,5.2,4.8,41,6.5,143,1,6,no
290,Intern_290,23,Female,Marketing,Six,94,56,5.3,7,9.4,3.5,7.8,3,40,7.5,97,0,7,No
291,Intern_291,25,male,Web Dev,9,90,87,7.9,4,8.2,8.8,4.7,8.3,60,9.9,104,4,9,no
292,Intern_292,24,Male,data science,6,76,97,4.5,3.4,4.2,3.3,9.5,7.7,68,8.5,41,2,6,yes
293,Intern_293,25,Male,data science,9,67,74,9,7,4.2,5.4,4.2,6.7,84,9.2,134,3,14,no
294,Intern_294,23,female,Data Science,Six,67,99,8.8,6.7,7.5,,3.5,5.5,78,9.7,55,3,12,no
295,Intern_295,26,female,Marketing,9,71,56,3.9,6.9,3,6.6,3.8,8.1,87,7.9,118,1,1,No
296,Intern_296,19,female,Data Science,9,77,66,3.5,8.7,7.3,9.5,5.7,9.4,86,9.7,12,2,9,yes
297,Intern_297,23,female,IoT,9,77,64,9,6.2,9.1,9.8,9.6,9.6,60,6.7,38,6,3,no
298,Intern_298,21,female,data science,3,69,81,5.1,5.1,4.8,7.9,5.1,6.6,87,,102,0,7,no
299,Intern_299,27,male,Web Dev,Six,67,75,8.8,9.2,4.3,6.2,9.9,5.4,62,6.2,52,3,10,no
300,Intern_300,27,male,Web Dev,9,82,69,8.1,7.6,9.5,6.9,8.4,4.6,70,,63,2,2,No
301,Intern_301,21,female,data science,9,96,59,8.8,6.1,3.8,3.6,6.5,3.2,66,5.7,100,6,0,Yes
302,Intern_302,27,Male,Web Dev,3,65,91,5.4,9,4.5,5,8.9,4.3,96,5.1,60,0,0,no
303,Intern_303,27,Male,HR,6,60,67,6.4,3.8,5.7,8.3,5.9,5.2,87,,55,0,8,no
304,Intern_304,23,Male,Marketing,3,84,80,5.6,9.4,4.9,7,3.2,9.8,62,9.2,35,0,4,yes
305,Intern_305,27,Female,HR,Six,89,86,5.3,8.3,6.1,7.6,6,7.6,51,8.6,8,4,4,no
306,Intern_306,19,female,Data Science,6,92,77,3.2,7.2,8.9,8.9,6,6.7,94,,92,0,3,No
307,Intern_307,23,female,Data Science,6,88,83,7.3,5.7,3.3,5.6,7.8,7.3,100,9.8,134,6,13,No
308,Intern_308,26,male,HR,6,69,80,7.2,7.8,6.8,,5.2,6.5,98,3.2,31,1,7,yes
309,Intern_309,24,Male,Web Dev,Six,82,88,6.4,,8.2,6.1,4.9,7.2,60,4.5,110,3,0,yes
310,Intern_310,25,Male,Data Science,3,86,61,4,6,9.5,8.8,8.3,7,89,9.8,132,1,6,No
311,Intern_311,23,Male,IoT,9,81,51,5.7,3.3,3.1,,4.2,6.5,94,3.9,11,6,13,no
312,Intern_312,25,Male,IoT,Six,86,92,4.3,3.9,7.2,,5.5,8.3,79,9.5,50,5,2,Yes
313,Intern_313,22,female,IoT,Six,63,79,4.7,5.2,4.9,7.5,5.2,7.8,70,8.9,99,3,8,No
314,Intern_314,19,male,data science,Six,79,95,6.2,,9.5,8,7.9,5,91,4.7,52,6,13,No
315,Intern_315,25,male,IoT,6,86,62,8.2,8.8,6.9,8.3,9.8,7,63,4.3,146,4,8,no
316,Intern_316,22,male,Web Dev,3,65,82,5.2,5,6.2,3.9,5.8,3.8,62,6.5,41,1,13,yes
317,Intern_317,20,male,Web Dev,Six,79,62,9.3,3.3,7.1,6,7.4,9.7,68,6.4,42,0,1,no
318,Intern_318,23,male,data science,3,91,57,9.8,7.1,3.5,7.1,9.9,4.9,81,8.4,122,1,2,yes
319,Intern_319,20,female,data science,Six,87,75,6.3,,6.5,3.6,4,6.8,84,3.5,42,3,12,no
320,Intern_320,24,female,HR,9,64,54,9.3,8.4,3.2,8.9,5.6,10,71,,103,4,13,yes
321,Intern_321,20,male,data science,6,89,81,8.1,6.3,5.9,5.9,7.5,3.3,40,4.9,106,6,10,No
322,Intern_322,27,male,Web Dev,9,76,90,3.3,9.3,6.1,8.6,3.3,8,65,6.8,63,0,7,No
323,Intern_323,22,Male,HR,Six,87,76,6.3,5.3,4.9,9.7,8.7,9.1,68,7.3,108,6,3,no
324,Intern_324,19,Male,IoT,Six,88,50,3.1,6.1,3.6,7.5,8.1,8.2,92,9.3,37,6,5,no
325,Intern_325,20,female,Marketing,6,68,96,6.5,7.4,6.6,8.2,9.4,6.2,94,3.6,108,4,14,yes
326,Intern_326,23,female,HR,Six,69,74,7.7,4.7,3.8,,6,9.7,97,8.5,142,6,0,No
327,Intern_327,27,female,Marketing,Six,77,100,4.8,6.4,5.8,3.1,3.2,9.9,54,4.9,58,2,13,Yes
328,Intern_328,24,Male,Data Science,6,81,76,6.8,5.8,7.8,4.2,8.8,7.3,93,9.7,104,2,1,No
329,Intern_329,23,female,Marketing,6,93,92,7.5,4.1,5.7,,9,7,93,5.5,104,6,7,Yes
330,Intern_330,22,female,IoT,9,94,100,3.9,5,5,5.5,7.8,9.2,49,4.4,106,3,6,Yes
331,Intern_331,24,Male,HR,3,77,94,4.3,9.6,6.9,4.8,4.3,5.3,48,4.1,18,0,11,yes
332,Intern_332,19,female,data science,3,84,67,3.2,4.2,5.3,,3.9,9.6,95,9.3,13,6,1,No
333,Intern_333,27,Female,data science,6,85,68,3.9,6.2,4.2,6.5,9.9,6.5,75,8.3,39,3,9,Yes
334,Intern_334,26,female,IoT,6,65,78,8.4,9.5,5.7,3.3,7.8,3.3,85,,78,1,14,Yes
335,Intern_335,23,Female,Data Science,3,86,61,9.9,9.2,3.3,7.9,5,9.7,89,5.7,149,5,13,Yes
336,Intern_336,22,Male,Data Science,3,66,81,9.9,9.5,5.2,6.3,3.7,6.8,85,4.9,117,2,3,No
337,Intern_337,22,female,HR,Six,70,69,4.1,4.9,7.9,,4.2,3.2,90,3.9,60,1,13,No
338,Intern_338,25,Female,HR,6,60,82,9.7,4.1,3.7,7.2,7.1,3.1,61,7.6,7,3,12,yes
339,Intern_339,20,male,HR,9,97,97,8.8,8,4.7,,6.4,3.7,41,8.2,147,3,9,Yes
340,Intern_340,26,female,Data Science,Six,98,73,5.9,7.2,5.6,4.4,5,6,53,,32,3,13,yes
341,Intern_341,20,Female,HR,3,78,62,5.6,4.6,6.4,5.5,5,9.2,95,8.2,139,1,6,Yes
342,Intern_342,21,Male,Web Dev,Six,91,63,9.1,,8.3,5.4,9.9,4,80,7.3,46,0,8,no
343,Intern_343,19,Female,Data Science,9,81,88,3.2,7.9,4.6,3.7,9.3,7.8,63,,38,3,4,Yes
344,Intern_344,26,male,Data Science,Six,78,63,9.7,9.8,4.3,,8.3,5.8,66,3.2,107,2,6,yes
345,Intern_345,20,Female,Web Dev,Six,99,84,3.4,8.6,6.1,6.4,9.3,5.4,67,9.9,102,5,5,no
346,Intern_346,24,male,data science,9,90,92,9.4,7.1,9.7,,5.4,7.3,59,,63,1,10,No
347,Intern_347,21,Female,data science,6,81,86,5.5,,4.3,8.3,6,3,64,7.7,19,5,3,No
348,Intern_348,21,Female,Web Dev,9,64,77,7.3,9.6,4.5,9.3,6.8,9.5,55,7,147,1,12,yes
349,Intern_349,20,Female,HR,9,92,93,8,7.9,3.9,5.1,9.2,5.2,69,3.3,71,5,4,Yes
350,Intern_350,22,Female,IoT,Six,64,72,5.8,6.6,7,8.1,4.7,6.6,42,6.7,20,6,0,yes
351,Intern_351,23,female,Web Dev,6,65,78,6,3.1,7,9.1,9.7,4.3,90,7.4,109,6,3,no
352,Intern_352,22,Female,Web Dev,6,88,55,7.8,9.6,9,8.4,3.8,9.2,96,4.9,17,5,4,yes
353,Intern_353,27,male,IoT,3,73,76,3.5,,6.9,7.1,6.3,9,62,5.9,56,3,3,No
354,Intern_354,19,Female,HR,Six,72,68,9,,5.5,,4.2,7.2,80,7.6,146,2,9,no
355,Intern_355,25,Male,Data Science,Six,62,52,4.6,4.2,6.7,,9,3.1,63,8.2,81,5,7,yes
356,Intern_356,27,Male,HR,Six,75,84,4.6,3.2,3.2,5.6,4.5,7.9,92,,113,4,2,Yes
357,Intern_357,22,Female,Web Dev,9,74,72,4.4,,5.5,4.4,3,5,64,5.6,53,6,1,no
358,Intern_358,26,Male,Data Science,9,88,58,7.2,3.4,4,,5.9,9,93,5.1,109,3,11,yes
359,Intern_359,20,Female,Web Dev,Six,78,90,8.3,8.8,9.2,7.2,4.8,7.8,87,,137,0,10,yes
360,Intern_360,27,male,IoT,Six,73,77,9,5.1,5.8,4.2,9.4,4.2,55,7.9,110,1,5,No
361,Intern_361,21,Male,data science,6,97,61,3.1,,7.9,,6.4,8.2,96,,52,5,10,no
362,Intern_362,27,Male,HR,9,75,63,7.9,7.7,8,7,6.5,9.7,72,4.5,83,2,12,Yes
363,Intern_363,19,male,Marketing,3,100,59,5.4,5.6,6.8,8,7.6,7.4,64,7.3,77,1,14,Yes
364,Intern_364,23,male,Web Dev,6,61,97,7.8,,5.4,4.5,8.9,5.6,78,7.9,144,5,7,no
365,Intern_365,27,male,Marketing,3,93,80,4.3,9.7,5.4,,4.9,7.6,58,,83,6,9,yes
366,Intern_366,27,male,HR,3,78,91,9.6,5.2,4.5,4.8,8.5,7.7,69,,39,4,11,No
367,Intern_367,25,male,IoT,3,67,98,9.5,5,7.3,6.6,6.5,8.6,81,7.5,66,5,7,Yes
368,Intern_368,23,male,IoT,Six,64,80,8.4,7.7,4.8,3.4,9.2,7.3,52,8.4,72,0,1,Yes
369,Intern_369,22,Female,Data Science,6,78,51,8.2,8.8,5.8,8,5.2,8.6,79,7.7,42,0,13,no
370,Intern_370,19,female,IoT,Six,73,87,5.1,5.8,8.2,6.8,9.4,7.4,62,3.9,144,5,10,no
371,Intern_371,23,male,Data Science,6,88,86,4,5.3,8.3,9.5,7.5,5.7,77,9.6,72,3,11,Yes
372,Intern_372,19,Female,IoT,Six,85,86,4.4,6.6,9.2,4,8.8,3.9,68,8.2,12,6,0,no
373,Intern_373,24,Male,Data Science,Six,88,91,3.6,4.9,5.3,4.6,6.8,4.8,50,4.4,124,3,9,yes
374,Intern_374,21,Male,IoT,Six,75,50,3.8,9.7,5.7,5.9,4.6,7.8,61,3.8,146,0,0,No
375,Intern_375,21,female,data science,3,70,81,5,5.1,8.8,5.3,8.3,9,94,6,13,2,5,no
376,Intern_376,25,male,Data Science,6,96,50,3.2,8.1,7.6,7,5.5,5.4,55,4.6,11,1,13,no
377,Intern_377,21,male,IoT,9,95,94,7.3,4.4,7.9,3.1,5,9.9,62,,130,3,8,No
378,Intern_378,19,Female,Marketing,Six,83,82,5.2,8.5,6.4,8.7,5.8,6.8,45,7.4,92,0,13,yes
379,Intern_379,23,male,data science,Six,78,88,6.7,8.3,8.3,5.1,10,7.2,70,8,80,6,12,No
380,Intern_380,20,female,Web Dev,9,83,52,9.2,4,4.5,9.3,6.3,8.5,80,7.8,5,5,0,no
381,Intern_381,24,male,Data Science,Six,60,98,9.9,9.2,6,6.5,6.7,5.6,42,4.7,77,6,3,Yes
382,Intern_382,24,Male,Marketing,3,92,65,6.6,4.8,9,9.4,4.7,7.3,54,8.2,133,5,12,yes
383,Intern_383,25,Male,data science,3,78,82,6.7,5.2,4,9.6,4.6,3.9,64,5.2,52,6,6,yes
384,Intern_384,24,Male,data science,6,89,51,5.9,4,6.3,3.4,3.9,9.2,86,6,14,1,3,no
385,Intern_385,24,Male,Web Dev,9,92,79,6.3,5.9,5.8,5.5,7.1,8.9,71,6.2,132,4,0,No
386,Intern_386,23,female,data science,6,99,98,5.1,7.1,9.4,7.5,8.9,5.1,47,,10,2,2,Yes
387,Intern_387,25,female,data science,Six,78,84,8.7,7,6.7,7.9,8.8,6.1,62,5.3,87,0,11,yes
388,Intern_388,21,Female,HR,3,98,92,9,9.5,8.7,7.7,3.6,3,61,4.9,83,3,9,No
389,Intern_389,20,Female,IoT,Six,78,55,5.6,,4.1,,4,3.7,78,,12,6,11,yes
390,Intern_390,20,female,Marketing,3,76,53,9.8,7.2,9.7,3.3,6,7.1,70,9.5,17,1,0,No
391,Intern_391,23,male,Marketing,9,78,75,7.3,8.9,5.2,5.5,9.2,3.9,43,5,15,5,0,no
392,Intern_392,27,male,Data Science,6,70,77,3.9,6.5,9.7,,6.2,7.8,72,7.9,31,2,7,Yes
393,Intern_393,27,female,Marketing,9,64,75,5.1,6.4,3.6,5.3,6.2,5.8,100,3.1,48,2,3,yes
394,Intern_394,26,Female,IoT,Six,90,92,7.6,,6.5,5.7,9.9,6.5,43,5.4,100,6,12,Yes
395,Intern_395,24,Male,IoT,9,86,93,9.4,,9.3,6.9,8.5,9,96,9.4,6,2,9,Yes
396,Intern_396,27,Female,Marketing,9,86,81,7.2,8.5,3,3.3,5.2,6.2,75,6.7,50,6,7,no
397,Intern_397,26,female,IoT,3,70,66,6.2,9.8,6.5,5.7,4.3,6.1,81,8.7,21,1,7,yes
398,Intern_398,20,female,Web Dev,3,62,57,8.7,4.8,6.4,7.3,3,8.3,100,4.8,97,3,1,Yes
399,Intern_399,23,female,HR,9,66,52,5.3,,8.4,4.5,7.2,6.8,55,7.8,131,6,6,no
400,Intern_400,25,Male,data science,9,65,81,4.9,7.6,6.2,9.9,3.7,6.1,58,9.1,30,6,12,yes
401,Intern_401,22,Female,HR,6,66,79,3.3,,6.9,9.2,6.9,8.8,85,5.3,63,5,8,no
402,Intern_402,25,Male,Marketing,9,93,57,6.6,6.1,9.2,6.8,5.1,3.3,84,8.9,64,4,12,Yes
403,Intern_403,20,female,HR,9,85,55,9,5.8,3.6,3.3,4.4,5.7,98,6.6,95,5,2,no
404,Intern_404,25,Male,data science,3,77,52,4.8,7.3,3.8,5.8,3.8,9.9,92,4.1,57,0,3,yes
405,Intern_405,27,Male,IoT,9,96,59,7.4,6.6,8.5,5.9,8.4,6.1,43,,127,5,4,No
406,Intern_406,19,Male,IoT,9,72,66,8.3,9.7,9.4,5.1,9.3,6,73,4.1,86,4,4,no
407,Intern_407,25,male,Marketing,6,79,83,4.4,7.1,7.3,6.8,7.8,6.3,50,6.3,115,5,9,no
408,Intern_408,20,Male,Data Science,Six,81,73,8.5,5.3,6.3,9.2,9.2,5.1,64,9.4,22,6,10,no
409,Intern_409,23,Female,data science,3,74,74,5.8,9.8,7.2,9.8,5.7,9.5,67,9.3,32,0,11,No
410,Intern_410,23,female,Marketing,3,76,99,6.3,6.1,7.8,7.2,7.8,4.1,79,3.4,53,4,1,no
411,Intern_411,27,Female,Marketing,6,82,58,7.5,6,7.7,,3.2,8.2,62,4.3,26,6,2,No
412,Intern_412,26,female,Data Science,6,72,69,7.3,6,3,9,3.7,4.9,46,7,62,4,0,yes
413,Intern_413,27,Male,HR,6,68,72,3.8,,4,4.2,9,5.5,86,6.5,111,3,4,no
414,Intern_414,19,male,data science,3,84,77,3.7,,3.1,5.1,3.3,9.1,84,5.6,36,6,8,no
415,Intern_415,21,Male,Web Dev,6,86,83,5.1,,4.4,4.7,9.9,9.5,49,7.7,61,0,14,Yes
416,Intern_416,25,Female,data science,6,66,80,8.8,5.3,4.6,9,7.6,9.9,67,5.5,10,3,10,No
417,Intern_417,19,Male,Marketing,9,86,57,7.9,8.8,5.6,6.2,7.9,7.9,56,9.9,74,0,13,no
418,Intern_418,22,Female,Marketing,6,71,72,5.4,8.6,5.8,,7.9,7.7,93,7.6,112,3,4,No
419,Intern_419,27,female,Web Dev,6,93,84,5.5,,4.3,4.6,3.1,3.6,75,4.6,136,5,2,yes
420,Intern_420,19,female,IoT,3,98,94,8.9,8,6.8,5.5,7,7.5,85,8.8,62,3,8,No
421,Intern_421,22,Male,HR,3,86,77,3.5,5.8,7.8,5.7,9.9,9.2,41,6.2,95,2,14,No
422,Intern_422,27,Female,Web Dev,Six,87,68,3.4,8.8,8.3,7,6,4.9,74,4.6,38,6,6,Yes
423,Intern_423,20,male,Marketing,9,80,85,3.2,3.4,4.7,8.5,6.6,7.3,84,4.6,74,3,0,No
424,Intern_424,24,female,Web Dev,Six,72,56,5.7,7.7,9.7,,5.3,3.2,52,,108,2,3,yes
425,Intern_425,21,Male,IoT,9,78,80,6.4,3.9,9.1,,8.7,7.1,85,3.5,12,6,9,no
426,Intern_426,27,male,Marketing,9,92,90,8.2,3.2,6.8,9.9,4.3,5.9,82,4.7,74,4,4,No
427,Intern_427,22,female,HR,Six,98,57,3.3,4.8,8.8,,7.6,3.8,100,9.8,21,0,11,no
428,Intern_428,22,Female,Marketing,6,70,96,7.4,6.9,9.8,5.9,4.5,7.4,94,4.9,132,0,2,yes
429,Intern_429,24,Male,Marketing,6,88,57,4.8,9.4,4,9.6,4.4,9.6,66,9.7,17,6,3,yes
430,Intern_430,21,male,data science,Six,80,100,8.8,6.7,6.6,6.3,3.4,3.5,73,8.8,47,6,3,No
431,Intern_431,25,Female,IoT,9,70,74,9.6,,3.5,7.8,6.1,3.8,58,4,98,0,3,Yes
432,Intern_432,21,Female,data science,6,68,70,8.9,3.7,4.2,3.4,9,4.8,59,8.3,30,4,5,Yes
433,Intern_433,20,female,Web Dev,3,78,81,3.6,3.1,5.3,8,4.8,9.7,54,8.9,114,4,14,Yes
434,Intern_434,23,male,Data Science,Six,90,85,9.5,7.7,7.1,9,4,9.8,67,3.8,19,5,8,no
435,Intern_435,21,Female,Marketing,3,68,98,3.8,5.5,7.4,8.5,9,3.1,80,8.7,37,0,2,yes
436,Intern_436,19,Male,IoT,Six,76,61,7.2,3.5,3.8,,7.6,3.3,85,8.5,17,1,14,yes
437,Intern_437,27,Male,Marketing,3,100,64,5,7.2,6.7,6,8.2,9.9,47,7,135,5,12,No
438,Intern_438,22,Female,Web Dev,Six,94,72,5.3,3.4,9.1,4.5,6,6.7,85,7.6,106,4,5,No
439,Intern_439,20,Female,HR,6,66,59,9.2,7,8.8,,6.8,3.8,51,7.8,112,3,5,Yes
440,Intern_440,21,Male,Data Science,9,64,76,5.9,,9,9.9,10,3.3,51,6.3,133,4,8,Yes
441,Intern_441,21,Female,HR,6,67,74,8.4,3.4,3.7,9.4,4.9,9,57,6.7,63,1,8,yes
442,Intern_442,20,male,Web Dev,3,71,65,5,5.2,7.4,7.8,5,5,67,9.6,145,4,0,Yes
443,Intern_443,24,Male,Web Dev,3,79,59,4.9,,4.9,3.8,7.8,8.2,89,,146,3,1,yes
444,Intern_444,27,Male,Marketing,3,69,92,5.9,,4.8,5.7,7.5,3.6,47,3.3,14,4,3,yes
445,Intern_445,22,male,HR,3,63,50,9.9,8.1,4.4,7.3,9.5,9.4,91,6.3,105,5,2,no
446,Intern_446,23,Female,HR,9,97,94,4.4,6.2,5.1,5.9,7.8,7.7,47,6.6,23,4,2,No
447,Intern_447,22,female,data science,3,60,93,7.6,8.4,8.1,8.9,3.9,7,64,3.9,36,1,2,Yes
448,Intern_448,23,male,Data Science,6,89,66,9.9,5.5,7.9,9.8,4,4.1,85,,81,4,6,Yes
449,Intern_449,25,Male,Data Science,6,69,82,9.6,9.3,6.2,7.3,9.3,4.1,69,7.3,29,6,0,no
450,Intern_450,21,male,Data Science,6,89,55,7.3,,7.8,5.3,8.2,3.4,62,6.1,149,0,8,No
451,Intern_451,25,female,Data Science,Six,79,64,8.7,3.2,8.1,8.4,5,9.4,51,,124,4,5,no
452,Intern_452,23,female,HR,3,90,82,5.9,8.4,6.5,8.7,8.6,5.8,42,,36,1,1,no
453,Intern_453,23,Male,data science,3,82,100,5.4,8.8,9,7.8,6.8,5.3,86,7.5,13,3,7,No
454,Intern_454,20,male,HR,6,92,66,7.3,8.9,6.9,7.5,5.3,7.6,92,7.2,111,0,9,Yes
455,Intern_455,26,male,Web Dev,Six,95,59,5.4,3.4,5,8.7,6.5,7.3,50,7.9,11,1,4,yes
456,Intern_456,20,Female,Web Dev,3,79,89,7.4,7.7,9.2,9.5,10,3.9,67,8.3,36,2,5,No
457,Intern_457,19,female,HR,6,79,93,9.2,9.9,6.4,6.3,5.1,9.1,85,8.1,44,5,2,yes
458,Intern_458,22,female,data science,9,85,88,6.7,4.4,8.3,3.3,3.6,8.3,77,5.7,120,6,5,No
459,Intern_459,25,Male,Web Dev,6,84,50,9.3,8.8,3.6,8,9.9,3.8,100,5,90,0,10,No
460,Intern_460,19,Male,data science,6,93,50,4.7,9.4,9.2,3.4,5.6,4.9,97,6.6,141,3,6,No
461,Intern_461,25,female,Marketing,6,65,79,6.3,5.5,3.6,7,9.2,7.1,98,,61,6,10,Yes
462,Intern_462,20,male,IoT,9,67,84,7.6,5,3.2,7.3,6,7.1,59,9.2,140,0,8,No
463,Intern_463,19,Male,Web Dev,Six,72,53,4.6,8,8.1,4.8,9.2,5.5,62,,118,6,5,Yes
464,Intern_464,21,Female,Data Science,9,70,52,4.7,5.5,6.6,3.7,4.4,6.7,50,9,63,5,0,Yes
465,Intern_465,19,Female,Web Dev,6,72,88,8.6,4.5,8.9,9.7,5.8,7.1,44,8.3,129,0,5,Yes
466,Intern_466,20,Female,Marketing,9,78,52,6.5,,6.6,7.3,4.5,6.4,52,7.6,126,2,4,No
467,Intern_467,27,Female,IoT,6,98,90,7.9,3.2,4.1,7.1,9.3,3.7,89,5.2,70,0,10,no
468,Intern_468,23,female,data science,9,75,67,3.8,5.3,7.7,,9.3,5.3,66,3.8,7,3,6,no
469,Intern_469,23,Female,data science,3,94,90,9.8,5,7.7,7,7.7,7.1,66,9.4,76,6,14,Yes
470,Intern_470,25,male,HR,3,74,57,6.4,3.4,6.7,,9.5,6.4,90,4.3,44,1,2,no
471,Intern_471,23,Male,Marketing,6,93,56,10,3,9.2,6,9.3,3.1,45,4.5,121,1,7,no
472,Intern_472,20,male,Data Science,9,92,63,8.1,,7.3,,8.5,4.9,86,5.8,103,5,4,Yes
473,Intern_473,20,male,data science,9,96,87,9.5,6.1,3.2,,5.7,6,75,6.5,64,2,10,No
474,Intern_474,24,Male,IoT,Six,95,59,4.6,6.4,9.8,7.6,6.3,4.5,95,8.8,50,5,14,no
475,Intern_475,24,Male,IoT,Six,84,81,6,6.7,3.3,8.5,8.7,7.8,66,6.2,146,3,5,No
476,Intern_476,20,Female,Data Science,6,79,81,8.6,6.5,8.3,,6.9,4.2,48,6.4,98,1,10,no
477,Intern_477,25,Female,data science,6,67,66,5,8.6,3.6,6.6,5.7,8.3,95,,52,1,9,no
478,Intern_478,25,Female,data science,3,68,74,8.5,,3.8,9.7,4.3,4.1,52,,136,3,11,No
479,Intern_479,23,male,Web Dev,6,68,95,3.5,6.8,6.6,,8.6,4.9,59,7.9,89,3,0,No
480,Intern_480,26,Female,Data Science,Six,73,87,5.1,3.1,6.3,7.2,6.3,6.9,83,7.4,65,3,7,yes
481,Intern_481,26,female,Web Dev,Six,66,74,6.9,,5.3,8.2,5.2,8.7,77,4.2,52,3,4,yes
482,Intern_482,27,Male,data science,6,73,58,9.3,6.6,8.7,4.9,5.5,8.9,87,9.2,101,4,9,No
483,Intern_483,21,female,HR,6,73,96,6,5.2,6.6,6.5,9.1,6.5,62,3.5,92,2,12,Yes
484,Intern_484,24,female,HR,6,62,88,3.2,5.3,6.2,6.9,4.6,8,97,9.3,31,0,11,yes
485,Intern_485,24,female,Data Science,6,61,51,3.6,5.5,6.7,4.7,3.3,3.1,94,5.5,65,3,5,no
486,Intern_486,22,Female,Web Dev,9,92,98,4.6,3.7,9,5.6,4.4,6.2,75,5.6,12,0,0,no
487,Intern_487,27,Male,Marketing,Six,91,85,7.2,7.4,6.6,4.4,9.8,4.6,67,4.8,9,6,14,yes
488,Intern_488,27,Male,data science,3,63,78,5.4,8.6,5.6,4.1,5.1,4.4,95,6.2,134,6,9,No
489,Intern_489,19,male,IoT,9,100,93,7.1,3.3,8.4,8.4,7.5,8.9,64,4.9,142,4,9,no
490,Intern_490,21,female,Web Dev,3,89,73,4,,5.8,6.6,6.7,9.4,78,7.5,80,6,6,yes
491,Intern_491,26,Male,data science,6,88,81,5.2,9.7,6.9,7.3,8.8,3.8,43,6.4,52,6,6,No
492,Intern_492,26,Female,Marketing,6,80,59,7.7,5.1,9.3,4.8,4.7,8.7,63,3.7,49,5,4,yes
493,Intern_493,25,female,Marketing,Six,83,99,5.2,5.7,7.4,4.1,6.5,7.5,73,,63,6,1,yes
494,Intern_494,20,Male,Marketing,Six,68,54,8.5,9.1,3.1,3,6.4,3,79,6.4,105,3,11,Yes
495,Intern_495,22,Female,IoT,9,81,60,8.6,,6.8,8.6,8,7,85,,110,3,4,yes
496,Intern_496,23,male,Marketing,9,61,95,5.9,6,7.6,9.3,5.9,4.6,46,5.1,141,6,13,No
497,Intern_497,21,Male,HR,3,86,92,3.2,,4.1,3.2,9.7,9.7,43,8.4,91,2,7,yes
498,Intern_498,19,Male,IoT,9,68,60,6.1,,9.9,3.2,8.8,6.3,95,8.3,45,3,10,Yes
499,Intern_499,20,Male,Marketing,6,98,96,6.3,4.4,5.2,6.2,3.9,4.5,50,7.8,38,1,0,Yes
500,Intern_500,24,female,IoT,Six,65,56,5.4,9.3,5.6,9.6,8.2,8.5,74,,99,5,9,no
501,Intern_501,20,Female,Web Dev,Six,78,96,7.9,,3.1,7.3,8.2,8.3,42,3.2,55,5,3,no
502,Intern_502,20,female,HR,6,72,67,4.6,,7.1,9.5,5.6,8.7,91,7.4,69,1,11,no
503,Intern_503,22,Male,Web Dev,6,64,50,6.1,,3.7,3.9,3.9,8.2,93,6,48,4,13,yes
504,Intern_504,27,female,Marketing,3,93,68,9,8.7,9.7,5.9,8.1,5.7,88,5.8,130,2,0,yes
505,Intern_505,20,Female,Web Dev,6,86,58,7.3,,4.7,3.4,3.3,7.1,77,7.3,148,2,14,No
506,Intern_506,25,Male,HR,6,72,77,6.5,,4.6,5.2,6.7,8.8,100,7.4,33,1,5,no
507,Intern_507,23,female,Web Dev,Six,74,78,9,10,7.9,4.8,7.5,8.1,100,7.4,46,0,13,yes
508,Intern_508,19,Female,Marketing,9,73,60,6.1,,6.7,3.7,6.9,4.8,93,5,81,0,1,no
509,Intern_509,23,Male,IoT,6,75,71,6.2,8.3,9.8,9.1,5.3,9.7,85,,74,6,6,Yes
510,Intern_510,25,female,HR,Six,74,55,8.8,,4,10,5,5.8,80,7,148,3,6,no
511,Intern_511,21,Male,IoT,6,77,63,7.4,,7.9,9.1,8.9,3.5,95,8.4,144,1,13,yes
512,Intern_512,20,Male,HR,9,83,52,6.7,5.4,8.6,9.1,8.2,4.2,60,9.1,147,2,5,No
513,Intern_513,20,female,Marketing,6,87,52,5.4,,9.9,9.5,8.8,8.7,40,9.4,28,6,11,No
514,Intern_514,20,female,Marketing,Six,68,70,5.5,6.3,4.5,8.6,3.5,9.2,90,4.7,88,2,7,No
515,Intern_515,25,Female,Web Dev,3,68,87,3.4,,3.6,6,3.8,4.8,86,8.2,26,1,5,No
516,Intern_516,27,Male,Data Science,3,95,69,8.3,6.4,5.6,7.8,5.3,3.9,54,,129,0,7,Yes
517,Intern_517,22,Male,Marketing,3,67,86,5.9,6,6.4,,5.6,6.7,58,4.3,6,0,11,No
518,Intern_518,21,male,HR,3,95,66,7.7,,9.6,7.3,5.6,3.4,84,9.2,12,3,8,No
519,Intern_519,24,female,HR,6,69,97,9.1,6.7,3.7,9,5.5,7.8,42,8.1,97,4,3,No
520,Intern_520,22,male,data science,Six,78,63,7.1,5.7,9.5,,3.1,9.3,55,5.6,5,6,12,No
521,Intern_521,21,male,HR,9,62,70,8.2,5.3,9.6,5.5,6.8,9.1,82,7.5,25,1,0,No
522,Intern_522,25,Female,HR,3,72,51,3.7,4.4,5.8,6.6,8.6,5.4,77,,100,6,8,yes
523,Intern_523,20,female,Data Science,9,85,67,7.6,9.8,6.6,4.1,3.1,3.3,64,9,73,0,5,Yes
524,Intern_524,22,male,Web Dev,9,74,88,8.7,3.4,3.4,7.7,5.1,4.9,97,9.7,13,4,6,no
525,Intern_525,21,Male,Data Science,Six,73,93,7.9,7.4,9.9,,4,4.8,65,4.5,139,1,12,no
526,Intern_526,22,female,data science,3,71,80,6.8,3.4,4,8.4,3.2,8.8,96,4,25,3,2,yes
527,Intern_527,22,Male,Web Dev,9,75,85,4.2,5,7.3,7,8.2,9.5,90,6.8,122,2,3,Yes
528,Intern_528,26,female,Web Dev,9,69,55,3.4,10,8.6,7.1,8.7,4.3,84,6.9,103,3,9,no
529,Intern_529,20,Female,data science,6,94,76,7.1,6.4,6,10,4.8,4,98,5.2,130,5,9,No
530,Intern_530,22,female,data science,9,71,67,9.4,3.6,9.2,,3.6,3.3,90,7,146,6,1,no
531,Intern_531,26,Female,data science,6,94,71,3.4,9.7,5.9,5.2,3.5,9.2,91,7.6,138,0,9,no
532,Intern_532,22,Female,Data Science,6,95,71,4.4,,9.5,8.8,4.8,7,99,5.9,80,4,6,Yes
533,Intern_533,25,Male,HR,3,96,50,3.4,8.6,3.2,8.3,6.3,5.3,97,9.7,66,6,4,yes
534,Intern_534,27,male,data science,Six,64,54,8.7,6.9,9.6,,7.4,3.7,49,4.6,24,0,12,yes
535,Intern_535,24,female,IoT,3,73,99,8,5.1,6.1,3.7,8.1,4.4,78,6.7,88,5,11,No
536,Intern_536,19,Female,HR,3,86,97,7.4,4.5,5.7,8.2,9.6,8.4,71,3.2,36,5,5,No
537,Intern_537,19,female,Data Science,Six,63,61,9.1,3.8,8.5,7.8,6.5,3.6,99,3.1,72,6,12,yes
538,Intern_538,24,female,Marketing,9,80,89,4.1,7.3,6.6,7.4,9.6,4.2,98,6.5,28,2,1,yes
539,Intern_539,24,Female,data science,Six,97,72,8.2,8.2,5.7,9.4,8,7.5,78,,74,6,2,no
540,Intern_540,23,male,HR,9,81,60,9,7.7,5.4,3.6,9.5,4.2,87,,20,0,1,No
541,Intern_541,27,Female,Data Science,3,100,71,9.5,4.6,5.6,9.7,6.3,6.5,59,4.9,53,3,5,no
542,Intern_542,26,Male,Web Dev,Six,68,73,3,5.9,6,9.7,6.6,4.9,74,,122,3,8,no
543,Intern_543,25,female,Data Science,3,74,76,8.3,,5.6,7.2,6.8,3.9,95,9.5,107,1,3,yes
544,Intern_544,20,male,HR,9,94,67,4.2,3.3,3.2,3.7,6.4,4.8,46,7.4,8,4,10,Yes
545,Intern_545,23,male,Data Science,9,76,82,6.3,3.8,3.3,6.3,4.8,5.8,54,6.1,129,2,9,Yes
546,Intern_546,24,Female,data science,Six,62,95,3.1,6.7,3.7,5.3,5.5,9.4,81,5.8,78,4,3,Yes
547,Intern_547,20,female,HR,Six,61,50,7.2,3.3,6,7.7,4,6.3,71,7.8,48,6,12,yes
548,Intern_548,25,female,IoT,6,68,88,4.2,8.3,9,6.7,3.1,4.5,42,7.4,144,1,8,no
549,Intern_549,25,Male,Data Science,Six,100,68,5.9,4.9,5,9.7,7.3,6.3,77,5.9,30,1,1,no
550,Intern_550,20,Female,IoT,Six,87,93,5.9,7.5,6.3,8.5,7.2,9.1,85,7.8,113,2,3,no
551,Intern_551,25,female,Web Dev,9,82,99,5.5,,8.7,6.6,7.1,9.6,60,8.2,22,0,2,No
552,Intern_552,24,Female,HR,3,61,57,9.7,6.9,8.5,8.6,4.8,6.3,46,7.1,77,0,1,Yes
553,Intern_553,22,female,Web Dev,6,63,92,5.8,9,4.8,4.5,7.2,6.1,80,9,65,4,7,Yes
554,Intern_554,21,Male,data science,9,63,63,9.3,9,3.6,3.2,5.3,4.6,45,5.1,126,5,10,yes
555,Intern_555,22,Male,IoT,6,93,75,7.4,3.7,8.6,5.9,6.3,6.6,53,9.7,34,2,2,yes
556,Intern_556,23,Female,Web Dev,6,86,70,3.2,,8.9,5.3,5.5,6.3,43,9.4,95,2,9,Yes
557,Intern_557,27,Female,Marketing,3,78,86,4.3,4.8,3.8,,8.9,8,89,8.9,126,6,5,no
558,Intern_558,23,Male,HR,Six,66,76,4,,6.5,5.4,3.3,3.8,77,8.1,26,1,9,no
559,Intern_559,21,Female,Web Dev,3,70,99,5,8.9,7,9.5,7.8,3.6,98,3.1,108,5,14,No
560,Intern_560,25,male,IoT,3,96,86,5.7,,3,9.5,8.9,8.6,51,7.1,94,2,4,No
561,Intern_561,19,female,data science,Six,70,96,9.8,4.4,6.7,4.7,7.1,6.2,61,8.2,88,0,6,Yes
562,Intern_562,21,Female,Web Dev,Six,82,81,9.4,7.5,4.4,3.7,5.3,6.2,76,5,42,2,12,yes
563,Intern_563,19,female,Web Dev,9,94,50,7.4,7.7,5.1,9.1,7.6,7.5,52,7.3,133,1,9,Yes
564,Intern_564,27,Female,data science,6,92,87,7.3,3.2,3.1,6,8.2,6.4,95,8.4,97,5,2,yes
565,Intern_565,20,female,IoT,6,68,51,8.3,6.3,3.9,7.8,5.7,8.7,67,6,32,6,8,No
566,Intern_566,26,female,HR,Six,73,75,8.1,7.2,6.3,,7.5,5,83,6.3,136,0,3,no
567,Intern_567,21,male,data science,6,70,92,9.1,7.7,4.1,,4.4,6.3,55,7.1,43,5,13,yes
568,Intern_568,25,male,data science,3,64,95,9.1,,7.7,5.8,7.8,7.3,50,9.9,120,0,9,No
569,Intern_569,20,male,Data Science,9,98,54,5.1,5.5,9.4,6.4,8,4.6,86,9.8,22,6,6,Yes
570,Intern_570,24,Female,data science,3,76,86,6.4,6.4,7.5,4.1,9.4,3.5,96,5.9,15,1,2,no
571,Intern_571,19,male,Data Science,3,73,91,3.9,5,3.4,,7.1,7.2,40,8.9,15,4,8,no
572,Intern_572,25,Male,Web Dev,6,72,88,7.9,4.1,6.3,,7.7,4.8,57,8.4,65,6,7,yes
573,Intern_573,25,male,IoT,6,61,80,6.2,7.6,9.5,9.5,3.4,3.7,94,3.7,132,3,5,yes
574,Intern_574,24,male,Marketing,9,68,55,8.7,6.6,5.7,8.1,6.2,3.4,71,9.3,135,4,1,Yes
575,Intern_575,26,male,data science,Six,87,53,6.7,9.2,7.1,6.1,4.3,5.9,99,,7,4,0,no
576,Intern_576,19,Female,HR,9,66,63,7,6.7,7.7,5.1,8.5,5.8,80,6.6,146,2,9,No
577,Intern_577,25,male,HR,6,70,74,7.9,3.7,8.9,9.9,5.2,9.7,44,,118,3,7,no
578,Intern_578,22,Female,HR,3,91,51,3.7,9.2,3.5,,5,6.3,98,4.8,149,2,8,yes
579,Intern_579,20,female,Web Dev,3,73,61,6,9.2,9.4,3.7,3.2,5.7,92,6.2,93,1,12,yes
580,Intern_580,26,male,IoT,Six,100,81,4.8,9.9,9.2,9.9,3.9,7.9,82,6.8,107,3,12,yes
581,Intern_581,25,Male,data science,Six,71,55,9.5,9.7,7.9,9.4,8.8,9,45,,132,3,10,no
582,Intern_582,21,Female,Marketing,Six,100,86,9.9,,3.6,5.3,9.3,5.9,99,8.3,100,5,10,no
583,Intern_583,24,female,Web Dev,Six,86,83,3.2,4.6,9.6,6.3,5.9,9.2,82,7.9,122,5,10,No
584,Intern_584,22,Female,Data Science,6,85,91,8,4.9,8.1,4.5,4.2,8.5,93,7.5,85,3,2,no
585,Intern_585,25,Female,HR,9,98,52,6.4,5.7,4,6,3.9,3.1,72,3.6,30,5,6,Yes
586,Intern_586,21,Female,IoT,9,79,90,8.5,4.2,5.4,4.7,5.7,3.2,92,8.8,12,1,8,yes
587,Intern_587,20,Female,Data Science,9,63,54,7,4,7.9,8.7,4.5,4.8,85,9.7,67,6,11,Yes
588,Intern_588,20,female,Marketing,6,80,52,3.1,3.2,6.4,,4.9,3.1,71,7.8,124,2,5,Yes
589,Intern_589,22,Male,HR,Six,92,81,5.5,8.6,4.6,7.5,5.4,7.7,89,9.5,110,3,3,No
590,Intern_590,25,male,Marketing,Six,100,86,8.5,9.5,4.5,10,6.4,5.6,49,,13,3,7,no
591,Intern_591,24,Female,Web Dev,6,63,79,3.4,4.4,5.4,5.8,9.4,7.3,49,4.5,135,3,3,No
592,Intern_592,19,male,Data Science,9,94,69,4.9,7.4,5.9,7.7,4.9,8.1,60,5.9,83,5,3,yes
593,Intern_593,26,Female,IoT,3,89,96,4.3,,7.8,6.4,5.4,5.4,44,,70,0,9,no
594,Intern_594,21,Female,HR,9,80,95,3.6,5.8,4.2,5.6,6.4,7.3,70,4.6,140,6,11,Yes
595,Intern_595,21,Female,Data Science,9,72,95,5.2,3.8,8.8,6.5,6.1,7.1,47,,21,0,10,yes
596,Intern_596,25,male,Data Science,3,99,52,7.9,8.2,6.9,8.6,5.4,9.5,43,4.5,120,1,11,No
597,Intern_597,21,male,Data Science,9,82,56,7.6,7.4,5.9,,7.8,6.5,93,,29,0,0,yes
598,Intern_598,23,male,IoT,Six,80,67,3.9,4.3,3.9,5.6,9.1,4.3,53,9,14,6,14,yes
599,Intern_599,22,Female,Marketing,3,78,97,5.5,,7.9,,4.9,5.9,83,5.8,131,5,9,no
600,Intern_600,23,male,Web Dev,Six,74,71,7.6,3.8,8,6.9,6.3,3.1,80,5.7,41,4,9,yes
601,Intern_601,21,male,IoT,9,98,71,7.7,,8.4,4.6,9.8,8.6,89,6.8,142,2,12,yes
602,Intern_602,21,male,Marketing,9,91,74,3.1,,8.2,4.3,6,3.9,79,7.9,23,1,9,no
603,Intern_603,24,Female,Data Science,9,65,80,5,6.2,5.7,3.4,8.9,3.4,79,6.5,113,2,4,no
604,Intern_604,22,male,Data Science,3,91,53,8.9,9.3,8.5,5.3,8.8,7.6,56,,69,4,9,No
605,Intern_605,23,male,HR,9,89,73,9.5,6.2,9.3,8.4,4.8,9.8,100,5.3,126,1,3,no
606,Intern_606,22,female,IoT,6,82,72,7.6,9.7,7.6,6.9,5.7,4.5,48,5.7,148,1,11,yes
607,Intern_607,25,female,Data Science,9,67,94,4.4,,3.1,5.1,9.9,5.3,75,4.1,109,4,11,yes
608,Intern_608,20,female,Web Dev,3,66,82,5.5,,5.7,7.2,4.1,4.5,96,5,92,0,0,yes
609,Intern_609,26,male,Data Science,6,96,58,7.8,8.9,9.8,,8.8,8.1,94,8.5,118,3,11,No
610,Intern_610,20,female,IoT,6,70,84,9.5,6.8,4.2,7.7,3,4.8,45,4,145,0,11,No
611,Intern_611,23,Female,IoT,Six,88,52,6.1,9.2,6.6,5,7.6,6.3,45,6,105,5,3,no
612,Intern_612,25,Female,data science,6,98,73,6.6,6.8,8.1,4,8.5,9.2,51,,141,1,10,Yes
613,Intern_613,25,Male,Marketing,3,62,93,6.6,3.3,3.7,8.3,8.7,9.1,72,8.2,105,2,6,No
614,Intern_614,25,Female,data science,Six,88,54,4.2,5.3,9.2,3.3,5.3,9.9,81,,19,4,13,no
615,Intern_615,21,male,HR,9,72,77,5.6,6.9,8,5.8,5.8,3.6,91,3.9,77,5,13,no
616,Intern_616,23,Male,Data Science,9,81,68,5.6,7,3.2,4.2,5,7.7,41,9.7,17,3,6,No
617,Intern_617,27,female,HR,3,86,99,5.5,,3.3,3.8,5.3,7.5,66,3.2,89,4,7,Yes
618,Intern_618,24,male,IoT,9,88,54,7.3,8.3,8.1,5.2,5.2,5.3,81,4.8,73,5,4,yes
619,Intern_619,23,female,Marketing,Six,79,82,6.7,,4.7,6,6.3,8.7,89,4.5,143,1,0,No
620,Intern_620,24,Male,Data Science,3,82,66,8.6,6.5,5.9,8.8,6.7,5.9,88,3.7,74,6,7,yes
621,Intern_621,26,Female,Web Dev,6,86,57,6.4,9.7,9,6.9,4.2,7.1,79,8.6,123,2,9,No
622,Intern_622,22,Male,data science,6,81,80,9.2,8.6,7.3,6.4,3.5,3.6,73,9,103,4,10,Yes
623,Intern_623,27,female,Data Science,9,97,81,4.6,,9.4,,7,7.5,91,5,114,1,3,yes
624,Intern_624,27,Female,data science,Six,95,71,5.3,4.1,6.8,7.8,8.3,5.1,97,7.9,8,1,5,yes
625,Intern_625,22,Male,HR,9,92,82,8.5,7.6,4,8.9,3.3,5.3,83,8.9,52,2,1,No
626,Intern_626,25,male,Data Science,6,77,97,9.1,3.1,9.3,3.9,4.2,7.8,50,8.9,114,4,10,no
627,Intern_627,25,female,Data Science,Six,87,58,7.6,5.2,5.6,,10,4.7,43,,99,2,9,yes
628,Intern_628,26,male,HR,Six,60,57,8.1,5.7,8.9,,5.6,8.3,81,3,33,5,8,yes
629,Intern_629,22,female,data science,6,100,85,8.1,4.5,9.1,,7.1,7.8,70,6.1,116,3,13,no
630,Intern_630,20,female,Marketing,Six,72,89,8.5,9.4,6,3.4,8.6,5.9,92,8.9,75,4,10,yes
631,Intern_631,24,male,data science,3,92,81,5.5,,8.4,4,7.6,9.2,85,4.3,104,0,3,yes
632,Intern_632,19,Female,HR,9,81,99,6.2,9.9,9.1,5.3,9.4,3.7,47,5.3,142,3,10,no
633,Intern_633,24,female,Marketing,6,81,89,7.9,7.4,3.6,3.8,3.4,4.4,72,6.7,98,0,11,yes
634,Intern_634,25,Male,Web Dev,9,64,84,7.5,7,4.9,6.9,7.3,4.3,76,,124,4,7,Yes
635,Intern_635,27,Female,HR,9,85,51,8.1,6.5,7.3,4.5,7.9,6.8,69,3,22,2,13,no
636,Intern_636,25,Female,HR,3,73,64,3,,4.1,3.2,4.5,8.4,80,9.3,95,3,9,Yes
637,Intern_637,22,female,Marketing,9,88,66,5.2,4.5,9.2,6.1,3.4,5.1,48,,46,4,6,yes
638,Intern_638,23,Male,Data Science,9,90,57,3,6.4,9.1,6.4,3.7,8.7,52,9.7,116,0,5,yes
639,Intern_639,26,Female,data science,3,72,50,4.7,3.7,3.8,8.8,9.8,7.5,52,7.2,40,6,5,No
640,Intern_640,21,Male,IoT,6,76,74,6.9,6.7,8.5,4.2,9.8,8,54,4.8,112,1,12,no
641,Intern_641,23,male,IoT,9,95,69,7.1,6.3,9.8,5,3.8,5.9,84,6.6,142,1,10,no
642,Intern_642,19,male,Marketing,6,87,96,6.8,8.3,9.5,8.5,5.3,7.1,84,,108,1,8,yes
643,Intern_643,19,Female,IoT,9,76,87,4.2,6,7.6,5.2,8.5,3.5,73,10,126,3,4,Yes
644,Intern_644,19,Male,data science,6,80,70,5.1,8.8,6.8,9,6,9.4,71,3.3,21,6,3,No
645,Intern_645,20,Female,Marketing,3,89,93,8.8,,4.9,3.9,8.6,7.9,87,9,23,6,13,yes
646,Intern_646,21,Female,Marketing,6,99,65,9.9,7.8,7,4.7,9.5,9.3,72,4.4,145,4,2,No
647,Intern_647,23,Female,Web Dev,9,80,59,4.4,7.8,7.6,9,8.4,6.5,91,3.6,67,2,9,No
648,Intern_648,21,male,data science,3,71,90,7.1,5.9,3.2,3.5,6.4,3.2,47,,71,2,7,No
649,Intern_649,25,Female,data science,9,98,71,6.6,9.2,5.9,,5.8,5.7,60,9.6,115,2,8,yes
650,Intern_650,19,male,Web Dev,Six,97,57,6.1,,7.4,4.2,3.6,4.9,65,3.4,82,2,6,Yes
651,Intern_651,27,Female,Data Science,6,70,87,4.1,6.2,5.9,6.2,3.1,6.9,77,8.1,28,6,13,no
652,Intern_652,20,Female,Marketing,Six,74,96,7.1,7.9,6,,5.6,8.9,90,8.5,43,6,1,No
653,Intern_653,23,male,data science,6,70,66,5.3,8.4,5.2,7.5,8,5.2,100,9.3,8,1,7,yes
654,Intern_654,23,Male,Marketing,9,80,65,3.4,5.6,5.9,9.4,4.6,7.6,68,9.2,136,2,0,No
655,Intern_655,19,Male,data science,6,65,65,9.7,6.8,3.6,10,5.9,7.8,90,4,27,5,12,No
656,Intern_656,23,female,Marketing,Six,89,93,5.1,3,5.4,6.3,8.1,8.8,75,8.2,24,4,8,no
657,Intern_657,25,Female,IoT,Six,72,82,6.6,6.5,3.6,,3.6,3.7,70,6.5,53,6,11,no
658,Intern_658,26,female,HR,3,71,91,5.4,8.3,4.2,,4,3.1,52,7.4,86,6,4,Yes
659,Intern_659,23,female,Marketing,3,96,58,3.9,7.6,4.8,6.4,9.6,9.4,57,6.9,34,5,1,yes
660,Intern_660,24,male,data science,Six,88,83,7.4,7.6,3.2,4,9.1,4,40,3,21,5,2,No
661,Intern_661,20,female,IoT,Six,60,92,8.3,6.1,4,,3.4,3.9,76,5.1,8,5,12,yes
662,Intern_662,20,female,IoT,3,60,60,4,3.2,7.5,7.3,7.5,8.5,88,9.3,72,5,14,Yes
663,Intern_663,25,Female,IoT,Six,86,73,4,7,6.5,6.7,7.5,3.5,72,7.3,86,0,3,Yes
664,Intern_664,24,Female,Web Dev,6,66,91,9.6,6.5,6.5,6.2,8,4.5,100,4.6,76,0,1,no
665,Intern_665,24,male,IoT,9,67,68,3.7,6.3,9.5,4.7,3.8,4.2,90,7.6,54,4,0,No
666,Intern_666,25,Female,Data Science,9,77,95,7.5,4,8.1,8.7,5.5,6.6,85,5.4,47,6,12,yes
667,Intern_667,20,female,data science,6,84,66,5.1,,9.9,3.9,6.7,7.9,44,,32,3,14,yes
668,Intern_668,19,male,Marketing,6,82,53,8.6,7.6,10,8.5,3.2,7.3,56,9.8,90,4,1,Yes
669,Intern_669,23,Male,Data Science,9,81,61,4.8,5.1,6.6,3.3,9.7,7,91,5.4,19,1,6,No
670,Intern_670,23,Male,data science,6,71,85,7,6.6,3.3,7.1,8.5,4,52,4.9,136,0,4,Yes
671,Intern_671,19,female,Marketing,9,74,92,5.9,4.4,8.7,9.8,4.4,10,64,5.6,100,6,0,No
672,Intern_672,24,male,Marketing,9,66,55,8,7.9,7.3,7,4.6,6.4,93,6.4,131,4,0,No
673,Intern_673,22,Female,HR,Six,71,74,4.8,5.6,3.4,8.2,5.1,9,67,5.5,10,1,5,No
674,Intern_674,26,Male,data science,3,94,86,4.5,5.4,8.1,5.7,5.9,7.8,60,9.9,93,4,13,No
675,Intern_675,21,Female,Data Science,6,95,50,8.7,7.3,9.4,6.7,7,4.9,65,6.2,18,2,3,yes
676,Intern_676,25,female,Marketing,3,62,91,7.5,7,3.5,3,5.7,9.3,74,3.2,147,6,6,yes
677,Intern_677,20,Male,Web Dev,9,75,96,4.9,9.6,3.6,9.2,5.4,4,80,6.3,73,5,6,yes
678,Intern_678,24,Female,Web Dev,Six,89,57,3.2,3.5,9.7,7,9,3.5,46,9.6,149,0,10,No
679,Intern_679,27,female,Data Science,9,97,80,6.4,8.9,10,3,8,6.8,42,3.5,84,4,5,No
680,Intern_680,25,male,Data Science,9,83,95,6.7,8.9,4.3,7.4,7.1,5.7,100,6.2,127,6,10,Yes
681,Intern_681,27,female,Marketing,6,86,90,8,7.1,5.4,6.3,8.2,7,54,5.7,111,0,1,Yes
682,Intern_682,24,Female,Data Science,6,62,56,3.2,3.4,4.3,4.6,6.5,9.6,81,9.2,13,0,13,yes
683,Intern_683,21,Female,IoT,3,85,50,9.9,4.4,4.2,5.2,4.9,7.6,91,4.1,13,5,13,Yes
684,Intern_684,20,male,HR,6,96,62,5.2,6,4,8.1,4.4,6.3,70,7.5,85,2,2,No
685,Intern_685,22,Male,Data Science,3,60,81,8.9,,5.6,8.8,5.4,4.8,90,9,68,2,4,no
686,Intern_686,27,Female,Data Science,3,62,65,6,3.9,9.1,9.6,5.3,4.4,96,5.5,59,3,14,no
687,Intern_687,22,male,Web Dev,9,85,92,4.8,7.3,3.1,3.2,6.2,3.2,46,8,66,1,9,No
688,Intern_688,26,male,HR,3,72,63,6.7,,4.4,8.3,7.5,3.1,89,3.6,133,6,10,yes
689,Intern_689,26,male,data science,6,79,83,3.6,7.7,9.2,8.6,6.9,7.4,82,4.4,95,5,10,yes
690,Intern_690,25,Female,Marketing,9,81,91,7.6,9.5,5.9,8.5,8.4,7,41,5,142,3,0,Yes
691,Intern_691,21,Female,Web Dev,6,72,83,5.6,7.7,3.1,5.9,3.7,9.5,87,,119,2,0,No
692,Intern_692,24,male,Data Science,6,100,95,6.4,8.1,7.4,8.9,7.5,7.3,48,,107,2,14,No
693,Intern_693,24,female,data science,3,73,72,7.4,4.8,10,7.3,7.6,8.4,80,8.5,124,4,7,No
694,Intern_694,27,Female,Web Dev,9,97,96,4.3,8.4,4.9,7.9,8.8,7.2,73,8,122,0,3,no
695,Intern_695,23,Male,HR,3,94,79,8.1,5.6,9.2,7.6,3.8,6.2,41,9.2,107,6,2,No
696,Intern_696,20,Female,Data Science,6,68,67,8.5,8.1,5.8,3.8,4.6,7.1,74,9.8,76,0,11,no
697,Intern_697,20,Male,Data Science,9,94,85,3.7,8.4,8.4,3.5,8.7,3.3,67,7,138,2,14,Yes
698,Intern_698,20,female,Web Dev,3,71,55,7.5,6.1,9.7,5.1,4.4,5.8,61,5.7,131,4,10,yes
699,Intern_699,22,male,HR,6,91,86,4.8,6,6.5,8.4,4.9,3.6,88,9.3,148,3,2,No
700,Intern_700,21,Female,Marketing,6,61,96,4.7,7.9,4,6.2,8,6.4,57,6.3,6,0,11,yes
701,Intern_701,23,Female,Data Science,Six,80,72,6.7,6.5,7.1,,7.3,5.3,89,,123,0,3,yes
702,Intern_702,26,female,Data Science,6,63,63,8.1,6.5,9.4,,8.2,9.1,85,4.4,19,1,6,no
703,Intern_703,24,Male,Data Science,9,65,52,8.8,7.9,9.8,8.9,8.1,3.5,86,4.9,5,1,9,yes
704,Intern_704,25,male,Data Science,3,68,74,5.3,9.7,9.7,,8.4,4.5,62,5,39,1,8,Yes
705,Intern_705,22,female,IoT,Six,90,71,8.5,3,8,6.6,8.5,7.2,99,,149,1,3,yes
706,Intern_706,22,male,Marketing,9,99,81,7.9,6.4,4.7,6.9,7.2,5.6,47,,136,4,10,No
707,Intern_707,27,male,Web Dev,6,65,66,7.9,3.3,7.5,6.2,5.7,6.5,97,8.2,29,4,4,no
708,Intern_708,19,female,Web Dev,3,63,69,3.8,8.4,6.9,7.7,6.6,4.2,75,5.6,127,4,7,yes
709,Intern_709,19,male,Marketing,3,73,74,7.1,,8,8.6,10,8.8,87,4.9,48,6,13,yes
710,Intern_710,24,female,Marketing,Six,78,52,4.4,5.3,4.3,9.1,4.4,6,67,5.3,11,3,7,No
711,Intern_711,25,female,data science,9,69,87,9.8,5.2,6.7,4.9,5.5,6.7,84,3.8,33,1,14,yes
712,Intern_712,23,Female,Web Dev,9,65,83,8,9.4,7.9,5.4,5,9.2,70,7,12,3,0,yes
713,Intern_713,21,male,data science,9,61,88,8.8,,3.3,4.4,6.1,7.1,71,6.3,142,3,8,No
714,Intern_714,20,Male,Web Dev,9,99,96,3.9,4.1,6.1,5.1,4.1,9.4,88,,91,0,12,yes
715,Intern_715,26,Female,HR,6,73,83,3.9,9.2,9.1,8.9,7.6,3.6,64,3.4,16,5,6,yes
716,Intern_716,24,Male,HR,6,65,70,9.6,5.4,5.5,7,7.8,6.8,77,8.8,91,5,14,no
717,Intern_717,25,female,IoT,Six,68,50,3.8,5.6,9.1,8.4,9.2,6.7,50,9.5,56,1,13,Yes
718,Intern_718,27,Male,Web Dev,Six,96,56,8.7,3.4,8.5,5,7.3,9.3,89,7.9,17,0,11,yes
719,Intern_719,25,female,Data Science,6,80,66,4.9,8.9,5.8,9.2,7.6,9.3,76,7.3,119,5,8,yes
720,Intern_720,19,Female,HR,Six,96,77,3.6,7.1,9.5,4.8,9.6,5,94,5.5,115,2,10,No
721,Intern_721,25,female,Data Science,9,92,50,3.1,8.5,4.3,7.5,7.1,4.2,42,6.6,94,0,5,Yes
722,Intern_722,26,Male,IoT,Six,65,58,5.9,9.7,7.9,9.3,5.7,3.4,46,9.8,120,2,1,yes
723,Intern_723,20,Female,Marketing,Six,86,65,8.5,6.3,4.3,5.9,6.5,5.5,50,8,79,3,9,yes
724,Intern_724,25,female,data science,6,72,58,4.8,8.2,3.2,9.6,7.3,4.6,80,9.6,21,0,1,yes
725,Intern_725,26,Male,IoT,3,60,89,3.2,3.5,10,9.4,9.5,4.8,83,,27,0,11,No
726,Intern_726,26,Female,data science,Six,69,56,4.8,4.1,7.2,,5.7,4,78,9.3,41,4,11,No
727,Intern_727,27,Female,Marketing,9,78,60,3.4,4.8,3.9,4.1,6.5,5.5,41,8.2,145,1,6,Yes
728,Intern_728,19,female,Marketing,Six,93,50,5.5,7.4,3.9,5.7,9.7,5.1,84,8.1,75,6,2,Yes
729,Intern_729,26,male,Marketing,3,92,92,4.9,9.1,7.8,3.8,7,5.9,92,8.1,31,0,9,Yes
730,Intern_730,24,Female,IoT,9,77,76,7.7,8.4,9.5,3.5,7.4,6.7,68,,124,2,3,Yes
731,Intern_731,21,male,Marketing,9,86,54,8.3,9.4,3.8,5.4,7.3,3.7,55,5.6,85,1,8,no
732,Intern_732,23,male,IoT,3,68,63,4.7,7.9,6,9.2,3.6,5.1,41,9.6,136,4,2,Yes
733,Intern_733,20,Female,Data Science,3,88,98,5.5,,9.3,,6.4,9.2,81,8.8,16,2,1,No
734,Intern_734,25,female,Data Science,Six,73,54,3,9.5,9.7,6.8,4.2,6.3,78,,75,4,1,Yes
735,Intern_735,24,Female,data science,Six,85,81,8.2,9.2,9.3,4.1,7.7,4.9,91,9,16,1,10,yes
736,Intern_736,20,female,Marketing,6,98,68,5,8.1,4.9,5.4,9.1,8.1,56,3.4,144,4,2,no
737,Intern_737,25,male,IoT,Six,90,69,4.2,7.8,9.6,5.7,6.5,5.9,72,,63,1,2,Yes
738,Intern_738,21,female,data science,9,99,98,5.5,8.8,8.7,7.6,7.7,8.2,48,9.6,5,4,6,yes
739,Intern_739,26,Female,Marketing,3,91,79,6.5,3.8,7.3,6.7,5.1,6.1,57,,83,5,12,yes
740,Intern_740,22,female,Data Science,6,61,91,3.9,9.1,7.7,,4.2,3.2,99,3.5,81,4,11,yes
741,Intern_741,19,male,HR,Six,86,69,8.5,9.1,9.4,6.8,3.1,8,66,9.1,11,3,6,no
742,Intern_742,22,female,data science,6,84,60,9.3,7.1,6.3,3.3,7.4,5.4,79,6.3,95,2,8,No
743,Intern_743,19,Male,Marketing,Six,60,74,8.4,9.6,7.8,8.1,4.6,6.8,96,4.4,90,0,4,yes
744,Intern_744,27,Female,Data Science,9,63,92,7.3,8.9,9.5,,8.8,5.2,88,5.5,34,5,0,no
745,Intern_745,25,female,HR,9,66,88,8.3,,7.3,8.2,6.7,8.6,46,8.9,146,0,14,yes
746,Intern_746,19,Male,Web Dev,Six,68,68,7.7,4.5,9.9,6.1,9.3,7.6,78,9.4,134,3,0,no
747,Intern_747,21,male,Web Dev,Six,64,91,5.2,9.4,8.7,,7.5,7.1,63,3.9,62,4,7,no
748,Intern_748,26,female,Marketing,Six,86,51,7.7,5.3,7.2,6.4,6.2,6.3,62,3.6,68,2,0,yes
749,Intern_749,26,male,HR,6,96,88,3.9,9.4,5.6,,4.2,8.7,88,,99,6,7,no
750,Intern_750,26,Male,IoT,3,65,51,6.9,5.3,7.3,6,7.8,3.3,85,3.8,8,4,7,yes
751,Intern_751,27,Male,Marketing,Six,83,58,3.5,6.7,7.7,4.1,6.7,7.7,74,,75,0,13,no
752,Intern_752,19,Female,IoT,9,100,75,9.6,5.8,9.4,7.8,3.2,8,79,,103,6,11,No
753,Intern_753,20,female,Web Dev,9,82,93,8.9,,3.7,4.6,7.9,3.3,88,4.6,126,1,4,No
754,Intern_754,27,female,Web Dev,9,87,92,8.7,5.7,3.8,6.4,4.8,4.7,42,7.4,46,4,10,no
755,Intern_755,21,Female,HR,Six,93,77,8.8,7.8,8.5,7.8,6.2,8.6,86,5.2,113,5,11,yes
756,Intern_756,22,Male,HR,3,65,79,3.4,9.4,8,6.4,8.2,4.6,98,8.7,9,4,12,No
757,Intern_757,19,Female,IoT,6,81,97,3.6,5.4,7.8,9.4,6.1,4.7,89,6.7,135,2,1,No
758,Intern_758,26,male,HR,9,73,77,6.6,4.4,9.6,7.2,5.4,6.9,48,,73,3,7,yes
759,Intern_759,19,female,data science,3,95,52,8,,3.5,4.3,4.2,5.2,86,5.1,62,3,12,no
760,Intern_760,26,female,HR,9,88,98,4.5,7.1,6.4,3.3,7.6,7.4,85,3.3,62,3,4,no
761,Intern_761,21,Male,Web Dev,6,91,99,7.7,,7.6,6.4,4.2,3.5,71,6.6,111,2,9,yes
762,Intern_762,19,female,Data Science,Six,89,86,4.9,,8.8,8.6,7.2,6.9,61,5,60,3,2,no
763,Intern_763,26,Female,data science,9,94,95,7.7,3.4,8.9,,7.6,6.3,93,5.4,60,0,1,no
764,Intern_764,27,Female,Data Science,9,81,54,4,6.2,7.2,4.5,3.9,8,48,7.1,11,0,7,Yes
765,Intern_765,25,Male,IoT,3,97,84,8.1,3.7,6.2,7.7,5.7,4.2,45,8.3,98,6,11,no
766,Intern_766,25,male,Marketing,9,79,78,5.3,,5.6,8.5,9.5,9.4,79,,66,4,7,No
767,Intern_767,25,Female,Marketing,6,91,80,9.7,4.7,9.7,4.4,9.9,9,45,9,22,1,1,Yes
768,Intern_768,26,male,Web Dev,9,86,51,6.4,3.5,8.6,6.7,4,4.5,57,8.2,94,0,6,yes
769,Intern_769,20,female,data science,9,81,69,5.7,4.5,9.6,6.3,3.6,3.4,51,5.5,17,4,5,no
770,Intern_770,27,Male,Marketing,9,93,66,5.3,6.8,4,8.6,4.3,5.2,68,,44,4,3,no
771,Intern_771,25,Male,Marketing,Six,82,87,9.5,9.6,9.2,5.5,4.3,6.8,89,4,12,3,3,no
772,Intern_772,22,male,Marketing,6,81,78,8,4.8,9.8,8.3,9.1,9.4,55,3.7,44,4,3,yes
773,Intern_773,19,Male,Data Science,Six,90,76,5,7.9,5.1,9,9.9,5.2,59,9.4,92,4,12,Yes
774,Intern_774,27,Male,Marketing,9,93,81,6.6,,8.5,5.2,8.1,4.2,82,6.2,53,5,6,no
775,Intern_775,20,female,Web Dev,3,81,91,7.7,3.8,3.1,5.6,5.8,6.7,68,5.4,44,4,14,yes
776,Intern_776,26,female,Data Science,Six,86,58,6.2,6.3,8.6,8.6,5.9,4.2,78,6.9,68,0,1,No
777,Intern_777,21,female,Data Science,9,94,60,3.7,6.5,9,4.9,7.8,8.9,48,7.4,95,3,1,Yes
778,Intern_778,24,Male,Data Science,9,63,69,8.6,3.1,4.8,,5.8,6.4,90,7.2,11,5,2,Yes
779,Intern_779,26,female,HR,Six,77,93,5.1,3.3,8.7,8.8,6.1,9.9,51,7.6,81,4,13,Yes
780,Intern_780,20,male,HR,9,99,53,3.2,,6.8,,7,8.6,75,3.8,133,0,8,Yes
781,Intern_781,23,Male,HR,6,85,54,3.4,4.3,3.7,8.7,6.8,6.5,50,,35,2,3,No
782,Intern_782,20,female,data science,9,80,71,5.9,3.5,9.7,3.7,5.3,5.8,44,8.6,5,1,6,No
783,Intern_783,23,male,Marketing,3,97,56,3.3,6.2,3.5,3.4,5.5,4.5,54,,21,0,11,Yes
784,Intern_784,24,Male,Marketing,9,62,79,8.7,6.1,7,9.5,9.1,3.2,99,4,74,2,4,no
785,Intern_785,26,male,Marketing,3,77,68,4.7,9.1,8.6,4.3,9.5,4.6,100,3.2,130,0,5,Yes
786,Intern_786,26,Female,HR,3,60,99,6.7,,8.1,,5.6,7.8,44,7.9,63,3,8,Yes
787,Intern_787,25,female,Web Dev,9,88,70,5.3,5.7,7.9,5,7.1,3.6,44,9.2,105,4,14,yes
788,Intern_788,27,female,IoT,6,86,99,7.7,9.6,6.4,3.6,3.8,5.8,59,8.3,87,1,14,Yes
789,Intern_789,19,Male,data science,3,86,55,9.2,9.4,6.5,5.4,7.6,8.2,79,,89,1,7,yes
790,Intern_790,19,Female,Marketing,9,65,61,9.6,,5.6,5.6,3.6,9.6,69,7,20,4,14,no
791,Intern_791,19,male,Web Dev,9,60,89,4.9,8.2,4.9,9.2,5,5.3,96,9.2,83,5,7,No
792,Intern_792,21,Female,Web Dev,3,99,75,5.2,8.4,3.8,6.8,3.5,3.6,97,10,114,0,6,no
793,Intern_793,22,female,Marketing,9,97,94,8.7,6.5,10,,3.4,9.8,95,9.7,37,6,3,Yes
794,Intern_794,23,male,Web Dev,Six,77,89,4.9,9.5,9.8,8.7,8.6,4.7,53,8.1,124,1,5,No
795,Intern_795,22,Female,Data Science,3,90,50,6.7,5,9.8,9.7,7.7,7.2,56,,130,0,6,no
796,Intern_796,22,Female,HR,6,64,68,6.3,7.4,7.5,7.8,6,3.2,42,4.3,87,2,5,No
797,Intern_797,20,male,Web Dev,9,76,87,3.7,4.1,8.6,8.2,3.4,9.7,46,9.6,138,5,4,Yes
798,Intern_798,21,Female,Marketing,9,82,100,9.6,7.6,3.8,9.3,8.3,4.9,41,6.4,116,4,8,yes
799,Intern_799,25,male,Data Science,6,94,76,4.8,9.4,5,8.6,8.9,8.4,61,3.8,64,4,1,No
800,Intern_800,25,female,Web Dev,9,75,50,8.3,8.2,5.7,3.3,6.7,4.9,93,5.8,135,1,4,yes
801,Intern_801,22,Female,Marketing,9,76,88,5.9,7.3,6.4,,8.8,3.9,57,7,44,6,12,No
802,Intern_802,21,female,Web Dev,9,67,66,8.4,,4.9,8,4.4,8.3,60,,42,6,1,No
803,Intern_803,20,female,HR,6,86,75,9,9.3,6.5,6.5,4.7,8,51,3.1,130,2,4,No
804,Intern_804,23,male,Data Science,9,79,61,8.2,8,5,,4.1,4.6,76,3.5,90,1,9,no
805,Intern_805,21,Male,Data Science,3,85,79,6.8,,7.1,9.9,3.9,7,98,9.2,54,0,0,yes
806,Intern_806,22,male,HR,9,72,72,4.4,5.6,5.7,7.5,5.6,5.5,77,6.9,51,6,2,yes
807,Intern_807,19,male,data science,6,81,67,4.5,5.7,4.4,,8.4,7.3,62,,68,4,11,No
808,Intern_808,20,Male,HR,Six,84,61,3.7,,4.5,6.5,6,9.1,87,6,88,6,13,yes
809,Intern_809,20,Female,data science,6,87,55,3.7,,4.8,4.3,9,9,80,9.1,68,1,11,yes
810,Intern_810,21,Male,HR,3,84,85,8.8,5.8,5.7,8.9,8.6,3.9,62,7.6,102,6,12,yes
811,Intern_811,26,Male,Data Science,3,82,52,5.8,5.3,6.6,,5.8,8.4,74,9.9,19,1,13,Yes
812,Intern_812,19,male,IoT,6,62,74,3.9,9.6,8.9,4.7,4,8.6,78,5.3,72,3,14,No
813,Intern_813,25,female,Web Dev,6,88,54,5.7,7.8,8,5.1,3.1,8.1,55,7.1,10,4,0,no
814,Intern_814,22,male,Marketing,9,72,50,5.9,7.5,6.9,,4.1,6.4,96,6,70,1,11,no
815,Intern_815,23,female,IoT,9,69,57,8.3,5.7,7.3,5.3,9.7,3.4,50,9.1,33,4,2,yes
816,Intern_816,26,Male,IoT,3,77,97,9.1,5.1,3.6,9.8,7.1,5.5,82,9.5,32,2,9,No
817,Intern_817,22,Male,Data Science,6,68,62,9,4.9,8.5,6.4,3.1,8.8,57,8,93,6,7,no
818,Intern_818,23,Female,IoT,Six,92,74,5.2,,7,,6.8,8.2,53,7.9,142,2,9,Yes
819,Intern_819,27,male,IoT,3,83,56,7.6,8.5,9.6,3.1,9.2,5.5,79,8.7,90,3,12,No
820,Intern_820,19,female,Data Science,3,64,50,5.8,4.7,9.8,4,9.4,7.9,49,6.5,133,2,0,No
821,Intern_821,19,Male,HR,6,99,51,4.1,8.5,4.4,,8.8,7.4,56,4.7,133,5,2,No
822,Intern_822,27,female,IoT,Six,62,74,4.4,5.6,7.2,,9.1,9.5,95,3.1,117,4,5,yes
823,Intern_823,20,female,data science,Six,93,85,7.5,9.1,9.9,7.3,8.7,9,61,4.8,58,6,8,yes
824,Intern_824,20,male,HR,9,99,77,8.4,8.9,5.2,5.4,4.1,4.5,67,8.1,34,5,5,No
825,Intern_825,20,Male,Marketing,Six,63,50,6,6.7,7.7,3,8.2,8.3,96,8.9,104,1,14,no
826,Intern_826,27,male,IoT,Six,78,98,3.7,8.2,5.7,5.8,6.3,5.9,62,3.5,96,6,5,yes
827,Intern_827,24,female,Data Science,Six,67,51,6.2,4.7,9.6,8.8,3.4,9.3,52,3.8,72,2,5,no
828,Intern_828,19,Female,Marketing,6,90,91,9.6,4.3,6.2,7.7,6.4,8.8,85,3.5,58,6,7,yes
829,Intern_829,25,Male,Web Dev,Six,64,86,7.9,8.7,8.9,7.6,7.4,6.3,91,4.7,34,4,1,No
830,Intern_830,24,female,IoT,Six,76,55,3.4,5,7.3,4.6,6.3,9.5,66,5.2,12,2,5,No
831,Intern_831,25,Male,Web Dev,3,100,94,5.3,7.9,9.6,8.3,9.7,9.1,44,5.3,127,6,9,no
832,Intern_832,20,Male,Marketing,6,68,90,7.3,6.5,3.5,,9.8,9.5,53,5.1,149,3,13,yes
833,Intern_833,20,Female,IoT,6,73,78,6.1,6.5,4.8,,5.1,8.7,45,5.7,102,2,4,No
834,Intern_834,19,female,Data Science,3,74,85,8.9,6.8,4.9,9.9,9.1,3.4,82,3.3,146,2,1,yes
835,Intern_835,25,Female,data science,9,90,98,6.9,5.5,8.8,9.2,7.2,5.8,98,7.9,25,2,4,No
836,Intern_836,22,female,data science,Six,86,90,3.3,9.4,4.2,,5.6,9.6,46,7.7,64,0,13,no
837,Intern_837,21,Female,Marketing,Six,70,87,7.7,5,4.4,3.1,6,4.7,90,8.6,46,1,14,Yes
838,Intern_838,25,Male,HR,6,67,94,5.7,3.8,6.2,,7.5,7.6,75,5.3,56,4,3,yes
839,Intern_839,21,Female,Web Dev,6,93,91,7.2,6.2,4.6,3.9,9.5,5.4,83,5.3,141,6,12,No
840,Intern_840,21,Female,IoT,Six,89,95,5.9,4.1,6.4,,7.4,8.1,96,3.1,132,5,1,yes
841,Intern_841,21,male,IoT,6,84,86,4.9,8.5,8.8,5.7,3.1,8.8,60,5.3,102,1,8,no
842,Intern_842,20,female,IoT,3,75,56,5.8,6.7,3.2,,5.2,8.1,64,,140,1,3,No
843,Intern_843,26,Male,Data Science,3,91,62,3.5,4,3.5,3.1,9.5,8.7,60,4.8,133,3,4,Yes
844,Intern_844,24,Female,Data Science,9,61,63,3.2,6.3,4.9,8.4,5.6,9,93,6.3,66,1,10,Yes
845,Intern_845,23,Female,data science,3,76,59,4.2,8,8.5,5.8,8,9,48,,104,6,7,no
846,Intern_846,25,Male,data science,Six,92,91,3.8,9.9,7.7,5.2,6.9,6.3,56,8.3,69,4,6,Yes
847,Intern_847,21,Female,data science,6,63,59,6,10,5.1,,5.9,4.8,44,6.1,62,2,4,No
848,Intern_848,26,Male,IoT,9,83,66,4,6.9,9,7.4,8.7,7.2,94,3.2,53,5,3,No
849,Intern_849,19,male,HR,3,85,93,9.7,,3.8,9.6,9.1,3.1,55,9.2,146,1,13,No
850,Intern_850,23,Male,IoT,Six,79,98,7.5,4.6,3.9,7,7.2,9.6,80,5.5,126,0,2,No
851,Intern_851,27,female,Marketing,9,80,79,8.7,4.2,3.6,,7.7,6.4,56,4.6,126,2,7,no
852,Intern_852,27,female,Web Dev,3,74,100,5.3,5.9,4.5,6.1,6.9,3.1,43,6,39,5,2,No
853,Intern_853,22,female,Web Dev,6,94,76,6.4,7,4.4,3.2,6.5,7.7,91,,66,5,11,Yes
854,Intern_854,24,Female,data science,3,67,78,8,6,6.3,6.5,7.3,3,87,9.3,46,4,4,no
855,Intern_855,23,male,Marketing,3,61,69,4.5,5,9.2,5.3,6.9,4.9,100,7.3,48,3,8,No
856,Intern_856,27,Male,Web Dev,6,70,99,8.9,8,9.3,,9.1,7,85,,41,3,12,no
857,Intern_857,21,male,Web Dev,3,69,77,3.9,4.5,6.7,4.4,8.9,3.4,77,7,72,4,2,No
858,Intern_858,20,female,Data Science,9,93,61,6.4,6,3.6,6.9,8.2,6.8,78,6.4,50,0,8,No
859,Intern_859,24,male,Data Science,3,68,71,8.1,4.7,7.6,4.1,8.2,6.1,99,8.5,43,1,8,No
860,Intern_860,26,Male,Data Science,Six,70,60,7.5,5,7.7,9,3.9,6.4,64,6.2,142,4,11,yes
861,Intern_861,27,male,Data Science,9,90,55,3,5.4,9.6,5.3,5.4,7.2,41,,19,1,12,No
862,Intern_862,21,Female,IoT,3,79,50,9,9.8,5.4,7.4,10,8.5,87,3.3,83,2,2,No
863,Intern_863,27,female,HR,3,73,56,7.8,4.3,8.5,7.1,3.9,7,42,7.1,134,2,1,yes
864,Intern_864,19,female,Data Science,6,92,54,9.9,9.3,3.2,9.6,4.7,7.9,72,4.2,51,0,13,Yes
865,Intern_865,21,male,IoT,6,99,100,9.2,8.9,5.5,6.5,9,3.7,45,9.3,86,6,3,No
866,Intern_866,25,Female,IoT,9,100,69,7.7,3.7,9.8,5,6.7,5.6,68,5.9,93,2,6,no
867,Intern_867,20,Male,Marketing,9,85,71,6.7,9.5,7.7,9.7,9.8,8.3,91,3.8,105,5,3,yes
868,Intern_868,26,Male,HR,3,75,78,3.1,6.7,4.5,9.7,4,3,97,4.6,35,2,3,Yes
869,Intern_869,22,Female,Marketing,6,91,59,9.7,5.3,8.1,6.9,6.5,9.2,84,,74,4,5,No
870,Intern_870,24,Male,IoT,Six,82,91,9.1,6.9,8.6,7.5,4.7,6.4,50,4.2,10,2,7,yes
871,Intern_871,27,Male,Web Dev,9,87,93,4,3.7,9.4,9.4,5.4,8.3,71,9.2,74,2,13,Yes
872,Intern_872,25,male,data science,Six,63,87,4,6.3,8,5.6,4.7,4.7,48,5.7,117,5,9,yes
873,Intern_873,25,Male,data science,6,81,93,3.5,4.6,3.3,3.5,3.5,9,98,6.7,68,0,9,yes
874,Intern_874,26,male,HR,Six,62,64,8.4,,3.2,3.9,5.1,6.7,67,8.1,37,4,7,No
875,Intern_875,22,female,HR,9,62,53,4.4,8.9,9.5,5.8,6.8,3.3,87,3.2,119,3,8,Yes
876,Intern_876,23,Female,Data Science,9,73,55,8.8,8.1,7.8,,6.4,4.7,73,4.9,119,6,6,yes
877,Intern_877,20,Male,Data Science,3,62,98,3.8,9,9.8,,4,6.3,66,7.2,121,6,3,No
878,Intern_878,27,female,Web Dev,6,70,100,5.9,8.7,8.9,4,5.8,8.5,66,7.1,47,4,7,Yes
879,Intern_879,20,Male,Data Science,9,96,61,9,9.1,5.5,3.8,6.4,9,49,7.4,10,4,9,No
880,Intern_880,27,Male,data science,Six,66,51,9.5,4.8,8.1,9.3,7.5,8.5,92,,88,2,12,yes
881,Intern_881,25,Male,Web Dev,9,82,74,6.7,,3.4,7.7,6.9,3.1,43,7.7,11,6,2,Yes
882,Intern_882,26,Female,Web Dev,Six,67,76,8.1,9.2,8.6,9.2,3.4,5.3,47,4.5,116,4,7,Yes
883,Intern_883,21,male,HR,9,88,81,9.8,6.2,5,5.4,6.4,8.7,61,9.2,17,4,5,Yes
884,Intern_884,19,Female,IoT,3,74,96,6.9,4.2,5.9,,5.4,8.1,70,7.9,69,0,1,no
885,Intern_885,26,Male,Marketing,3,74,61,5.3,7,6.7,9.6,3.6,8,56,9.2,67,4,10,Yes
886,Intern_886,21,Female,Marketing,3,88,86,5.5,7.3,4.7,9.3,4,6.8,95,7.7,71,1,14,yes
887,Intern_887,21,male,IoT,6,60,70,6.6,8.8,7.9,5.6,3.4,7,80,4.4,60,0,12,no
888,Intern_888,22,Male,Data Science,6,80,94,8.6,5.3,6.5,,9,8.7,78,9,118,0,2,yes
889,Intern_889,23,Female,Web Dev,3,60,72,6.6,3.9,5.4,8.5,7.1,4.7,100,10,94,0,10,Yes
890,Intern_890,23,Female,HR,Six,82,67,3.7,3.6,7.2,5.6,8.5,7.3,84,6.1,6,4,9,no
891,Intern_891,25,Female,HR,6,64,69,3,5.6,9.9,9.3,3.1,8.8,45,7.6,31,5,11,yes
892,Intern_892,23,male,data science,Six,84,80,8.5,8.3,3.9,4.1,6.7,8.3,97,,128,1,9,No
893,Intern_893,22,Male,HR,9,79,58,4.7,,6.9,9.6,4.3,7.3,62,9.8,46,1,5,No
894,Intern_894,21,female,HR,Six,67,59,4.7,7.6,8.6,8.9,4.3,5.2,76,6.2,141,3,3,Yes
895,Intern_895,23,Female,Data Science,6,100,92,8,,8.7,,3.4,9.4,40,4.8,12,4,12,yes
896,Intern_896,22,male,HR,6,95,81,7.4,8.8,5.8,8,8.7,6.6,59,5.6,51,5,13,Yes
897,Intern_897,22,male,HR,3,100,58,8.4,7.3,8.4,7.6,4.1,10,58,8.6,29,3,10,Yes
898,Intern_898,23,male,Data Science,6,97,85,4.9,7.6,9.4,,9,8.8,84,6.8,72,2,14,yes
899,Intern_899,26,Female,IoT,3,98,53,3.4,,3.5,7.2,3.4,3.3,75,8.8,103,5,3,no
900,Intern_900,21,female,Data Science,3,92,63,9.2,5.5,6,9.5,7,6.7,86,7.7,79,4,9,Yes
901,Intern_901,22,Male,Data Science,3,75,53,6.5,8,5.3,5.5,8.3,8.7,87,,21,6,4,Yes
902,Intern_902,23,Male,HR,Six,97,92,4.1,3.9,8.7,3.3,6.1,8.7,46,5.3,124,2,13,yes
903,Intern_903,25,female,data science,6,92,96,5.1,9.8,7.7,7.7,9,5.1,75,7,36,1,11,no
904,Intern_904,22,male,data science,Six,89,93,6.5,6.1,6.2,7.8,9.8,8.3,74,4.7,144,2,6,no
905,Intern_905,26,male,data science,Six,72,76,7.1,6.9,8.5,9.7,5,7.3,66,5.6,13,2,5,No
906,Intern_906,19,male,IoT,Six,89,84,3.1,6.2,5.8,8.9,8.7,6,67,4.2,100,1,1,no
907,Intern_907,21,male,data science,3,100,93,8.5,5.1,7.4,7,4.3,8.6,68,4.6,137,3,1,yes
908,Intern_908,21,Male,Web Dev,Six,72,66,9,6,8.6,7.5,5.6,7.9,40,9.3,43,1,5,No
909,Intern_909,24,Male,data science,3,62,99,8.1,4.2,3.3,6.8,7.7,4.5,75,,133,3,5,Yes
910,Intern_910,27,male,Marketing,Six,78,74,3.8,8.6,6.1,8.5,4.2,5.4,50,3.8,136,2,14,No
911,Intern_911,23,Male,HR,Six,76,77,5.3,8.4,4.6,,5.3,7.6,78,3.8,17,4,3,yes
912,Intern_912,24,Male,IoT,9,87,68,6.9,6.9,4.5,10,6.7,4.8,98,8.3,50,4,4,Yes
913,Intern_913,26,female,Data Science,3,74,96,4.3,4.7,5,7.4,3.6,6.9,44,,114,1,14,Yes
914,Intern_914,26,Female,data science,6,72,86,9.3,8.8,7.1,8.5,5.7,3,90,6.2,40,5,1,Yes
915,Intern_915,24,Female,Marketing,6,73,86,8.5,5.5,5.7,,9.9,7.5,86,7.5,15,0,1,No
916,Intern_916,21,female,HR,6,70,50,8.5,4.6,7.6,5.8,4.1,4.9,49,,94,1,5,no
917,Intern_917,23,Male,IoT,3,84,94,4.8,9.2,5.6,,4.4,6.5,90,9.5,49,2,5,Yes
918,Intern_918,25,Male,IoT,3,72,87,3.5,6.4,9.1,6.1,9.4,8.7,79,9.9,95,4,12,no
919,Intern_919,26,Male,Marketing,Six,96,63,5.5,3.5,6.3,3.8,3.8,5.5,80,,58,4,6,Yes
920,Intern_920,19,Female,data science,6,96,61,8.4,8.8,6.4,6.3,7.2,5,49,3.6,132,5,0,yes
921,Intern_921,19,female,HR,9,91,56,3.7,,7.2,,7,7.2,82,5.3,22,5,0,yes
922,Intern_922,26,Male,Marketing,6,69,62,8.2,9.5,3.6,5.3,9.1,4,87,9.4,101,6,10,No
923,Intern_923,22,Male,IoT,Six,72,93,3.1,9.1,4.4,7.2,6.2,7.3,77,8.1,149,3,14,No
924,Intern_924,20,female,data science,Six,81,73,4.7,,4,8.3,9.8,5.7,63,6,90,6,6,no
925,Intern_925,25,Female,Web Dev,Six,85,79,6.7,4.2,3.3,4,4.1,9.4,71,6.9,39,2,14,no
926,Intern_926,24,Female,HR,6,76,77,6.9,7.4,3.9,9.5,8.6,4.6,69,7.7,29,3,10,yes
927,Intern_927,19,female,Marketing,Six,76,57,8.2,9.3,8.4,4.9,10,8.4,64,6.6,37,2,6,Yes
928,Intern_928,27,Male,Data Science,6,69,91,7.2,4.7,6.5,5.2,3.8,9.4,65,6.4,121,1,3,no
929,Intern_929,20,Male,Data Science,Six,67,87,5.5,6.8,7.7,,6.2,7.8,60,8.4,149,4,9,No
930,Intern_930,22,male,Web Dev,6,82,64,5.7,3.9,4.2,4.4,9.5,3.1,83,4,33,5,5,No
931,Intern_931,23,female,Data Science,3,90,99,6.1,9.7,7.3,8.1,5.9,6,100,8.1,112,0,12,no
932,Intern_932,22,male,IoT,9,81,72,5.5,5,8,6.2,3.8,3.4,83,3.2,26,6,13,Yes
933,Intern_933,19,Male,Web Dev,3,95,50,3.2,9.9,6.4,,5.4,4.2,81,3.9,137,6,9,No
934,Intern_934,27,female,Web Dev,9,63,85,8.4,6.9,6.2,10,3.5,7.3,91,5.6,23,3,1,yes
935,Intern_935,19,Male,HR,9,89,50,5.2,8.7,7.5,6,7.9,7.4,88,8.9,141,6,14,No
936,Intern_936,22,male,Web Dev,6,85,79,7.5,3.3,6.4,3.7,8.7,8.6,54,5.4,77,6,9,no
937,Intern_937,23,male,IoT,9,94,54,3.5,,9.2,4.5,8.9,3,44,5.5,109,0,14,yes
938,Intern_938,21,male,Marketing,3,85,98,9,,7,7,8.9,8.3,99,5.9,90,1,13,No
939,Intern_939,21,Female,Web Dev,3,70,91,3.2,8,7.8,7.5,3.2,6.6,89,7.8,106,1,13,No
940,Intern_940,27,male,Web Dev,3,93,95,5,,6.9,,9.5,8.7,53,8.7,53,1,12,no
941,Intern_941,24,female,Data Science,6,67,51,7.6,9.5,3.8,8.8,6.8,7.8,44,7.3,37,5,9,Yes
942,Intern_942,20,male,IoT,3,68,77,9.2,,5.3,4.8,8.6,3.2,48,5.9,33,2,5,Yes
943,Intern_943,21,male,IoT,3,65,71,4,3.8,8.2,3.2,6.1,5.2,84,3.9,62,1,7,yes
944,Intern_944,21,Female,Marketing,3,97,60,4.3,6.9,3.1,8.8,6.6,8.7,84,5.8,34,0,5,yes
945,Intern_945,20,male,Data Science,Six,92,77,7.2,4,7.5,,9.3,4.9,59,5.8,11,1,4,Yes
946,Intern_946,27,Female,data science,9,65,87,6.5,8.9,8.7,3.2,9.5,7.1,49,3.2,122,1,2,No
947,Intern_947,24,male,data science,Six,89,86,6.1,7.6,3.7,5.7,5.9,7.8,72,5.4,91,4,14,Yes
948,Intern_948,25,male,Web Dev,9,64,68,3.1,3.6,4.4,9.6,3.4,7.7,94,6.8,145,1,13,Yes
949,Intern_949,26,male,Web Dev,3,70,62,5.4,5.2,7.7,5.7,7.6,8.7,53,5,126,6,3,no
950,Intern_950,21,Male,Data Science,Six,91,96,6.4,,9.6,3.5,5.3,3.9,91,6.7,129,5,13,no
951,Intern_951,25,Female,IoT,9,74,69,8.9,9.6,5.6,9.5,9.3,6.4,83,5.1,127,6,8,Yes
952,Intern_952,26,female,data science,Six,65,56,5.2,7.2,3.8,9.7,4.7,6.1,44,8.6,93,4,11,yes
953,Intern_953,27,male,HR,Six,67,74,9.3,3.2,7.1,6.7,4.2,5.4,80,4.4,104,5,9,yes
954,Intern_954,21,Male,HR,Six,66,92,9.2,5.6,6.5,6.1,6.6,5.4,86,7.3,36,5,2,Yes
955,Intern_955,21,male,data science,3,75,60,5.1,9,7.7,8.5,3.9,5.8,53,3.4,27,6,8,Yes
956,Intern_956,19,Male,data science,Six,84,94,7.7,5.7,4.5,9.8,8,9.1,64,5.2,30,2,8,No
957,Intern_957,24,male,Data Science,6,88,65,6.9,,4,,4.5,3.6,45,3.3,131,6,3,Yes
958,Intern_958,24,Male,Data Science,3,67,68,4.3,5.7,6.5,6.9,4.5,5.4,53,8.3,56,1,13,no
959,Intern_959,23,male,IoT,9,74,75,4.5,6.3,6.9,3.5,9,6.8,97,,124,0,3,no
960,Intern_960,21,female,Data Science,Six,79,51,6.2,8.8,5.1,,5.2,3.7,50,5.3,82,5,7,no
961,Intern_961,21,female,Marketing,Six,99,98,6.1,9.7,3.7,9.7,7.9,5.9,66,7.5,24,0,9,yes
962,Intern_962,20,Female,IoT,Six,94,61,9.9,,8.6,3.6,7.3,7.6,57,5.7,8,2,13,no
963,Intern_963,19,Female,HR,Six,90,76,4.9,9.1,3.9,8.7,9.7,5.4,62,3.8,41,4,3,no
964,Intern_964,24,Male,Data Science,Six,96,89,9.4,,5.1,8.8,4.7,5.5,57,3.1,25,0,7,no
965,Intern_965,21,Male,HR,Six,84,66,9.7,9.1,4.9,4.7,9.7,4.5,72,7.8,89,4,0,Yes
966,Intern_966,21,Female,Web Dev,9,95,59,8,6,5.4,4.2,7.7,4.2,71,7.3,98,5,9,no
967,Intern_967,25,Male,HR,Six,100,61,6.7,7,7,3.7,3.5,4.3,92,6.9,33,1,9,yes
968,Intern_968,21,male,data science,Six,95,56,4.9,3.6,5.4,3.8,7.8,3.7,66,9.3,108,6,1,Yes
969,Intern_969,24,Male,Web Dev,3,100,75,5.8,5.3,5.8,,4.4,9.4,72,9.3,106,5,3,No
970,Intern_970,22,Male,Web Dev,6,81,69,9.6,4.7,8,4.3,8.4,5.8,49,8.6,103,3,1,Yes
971,Intern_971,26,female,Data Science,3,87,77,8.2,8.9,9.3,9.8,3,8.4,60,3.1,112,0,9,No
972,Intern_972,26,female,IoT,6,63,63,3.7,6.9,8.9,4.1,6.2,8.8,42,4.2,82,4,8,yes
973,Intern_973,20,female,Data Science,9,79,70,9,4.2,8.7,3.9,7.1,7.7,77,6.3,111,1,4,Yes
974,Intern_974,21,Male,Marketing,3,97,68,4.4,6.8,4.4,,8.1,4,48,9.8,136,3,9,no
975,Intern_975,25,female,IoT,Six,81,92,5,6.1,4.5,3.3,3.6,9.1,41,,142,5,6,Yes
976,Intern_976,24,male,data science,6,96,97,3.6,8.9,9.8,,8,8.9,46,3.6,11,4,9,No
977,Intern_977,27,Female,data science,9,85,91,6.6,4.3,4.2,3.3,7.5,3.5,74,,118,2,13,Yes
978,Intern_978,19,Male,IoT,6,76,97,5.8,8.6,9.4,8.4,6.1,3.4,53,5.5,41,3,3,No
979,Intern_979,27,Male,Data Science,6,79,63,9.1,5,9.8,,5.5,4.5,58,6.6,111,4,2,yes
980,Intern_980,27,Male,IoT,Six,77,69,5.1,3.4,7.4,,4.4,3.2,77,6.6,124,2,2,No
981,Intern_981,19,Male,Data Science,9,81,83,9.8,7.9,5,9.2,4.9,6.8,84,5,11,6,7,No
982,Intern_982,19,Male,Marketing,6,80,99,8.7,8,7.5,9.3,3.4,5.3,84,6.1,91,0,6,Yes
983,Intern_983,22,Male,Marketing,9,96,65,8,8.7,9.7,9.8,6.5,6.6,67,5.3,23,4,2,no
984,Intern_984,25,male,Marketing,Six,74,78,6.8,5.3,3.4,7.7,9.1,5.1,84,5.8,115,4,12,No
985,Intern_985,19,Male,data science,6,99,75,9.8,9.7,5.4,,8.5,6.3,42,7.9,23,1,9,Yes
986,Intern_986,26,female,Data Science,9,85,72,6.4,3.5,5.7,6.6,8.9,4.3,85,8.6,38,2,1,yes
987,Intern_987,20,male,data science,Six,95,77,9.3,4,3.1,,6.2,7.8,84,4.5,131,0,1,yes
988,Intern_988,23,male,Data Science,3,66,63,9.3,,6.2,,7.4,5.9,92,7.8,67,3,7,no
989,Intern_989,19,Male,HR,Six,88,88,3.2,4.6,4.7,,8.5,4.5,75,9.6,134,0,9,Yes
990,Intern_990,26,female,Data Science,9,95,55,8.8,5,4.9,8.7,5.2,3.3,86,4.9,116,4,3,Yes
991,Intern_991,22,male,Data Science,Six,78,50,6.8,6.1,4.2,6.6,4.5,9.9,53,,138,1,13,No
992,Intern_992,20,Male,IoT,9,74,86,7.4,8.8,3.4,10,7.1,5.3,46,,42,6,6,yes
993,Intern_993,23,male,IoT,Six,73,63,6.9,7.1,7.9,9.3,5,7.4,45,6.4,13,1,5,yes
994,Intern_994,24,Female,Data Science,6,69,65,6.7,,5.3,4.1,4.9,3.2,74,4.8,119,5,1,Yes
995,Intern_995,27,male,IoT,9,88,68,9.1,5.1,8.9,6.2,3.1,7.8,78,4.3,50,3,2,no
996,Intern_996,25,Male,Data Science,Six,74,60,8.3,4,8.6,6.9,9.3,10,74,9.5,50,6,12,yes
997,Intern_997,20,Female,Web Dev,6,90,76,5.4,8.9,5.7,5.5,3.8,4.9,75,6.1,74,0,6,Yes
998,Intern_998,25,male,Data Science,Six,66,56,5.4,4,7.1,9.6,4.8,6.3,64,9.8,30,6,0,Yes
999,Intern_999,22,Male,Marketing,6,77,64,6.9,8.5,8.3,5.5,5.7,8.9,100,,42,1,11,Yes
1000,Intern_1000,21,male,Marketing,6,81,93,8.7,,3.5,,3.1,4.3,71,7.9,135,1,6,No
74,Intern_74,20,male,Data Science,9,91,100,3.9,6.9,8.5,7.6,3.4,5.5,93,7.4,69,2,11,yes
107,Intern_107,25,Male,HR,3,89,100,5.3,,3.2,5.4,7.4,5,94,5,29,1,1,yes
257,Intern_257,20,female,IoT,3,73,79,6.1,6.2,7.3,4.3,9.9,7.9,43,6.8,6,5,6,yes
565,Intern_565,20,female,IoT,6,68,51,8.3,6.3,3.9,7.8,5.7,8.7,67,6,32,6,8,No
57,Intern_57,21,male,data science,Six,72,100,7.2,5.9,8.5,5.8,3.2,3.9,83,9.3,145,4,7,no
227,Intern_227,25,Female,HR,Six,72,84,9.5,6.8,9.9,6.1,7.8,10,56,4.1,61,0,3,Yes
73,Intern_73,23,Male,Marketing,Six,62,99,9.4,3.7,4.8,3.3,8.9,7.1,93,4.7,81,0,5,Yes
168,Intern_168,24,male,HR,9,87,62,5.4,3.8,6.9,4.7,5.8,8,57,5.8,23,5,6,no
105,Intern_105,23,Male,Web Dev,6,67,62,6.8,7.6,3.5,,4.9,4.7,42,8,138,2,0,yes
106,Intern_106,20,male,Marketing,3,83,60,3.3,8,5.5,5.7,9.1,7.2,43,5.7,126,0,2,yes
12,Intern_12,23,Male,Data Science,Six,86,51,5.8,,7.3,3.9,3.4,8.2,79,8.1,123,3,6,No
206,Intern_206,21,Male,data science,3,81,96,9.8,6.1,4,6.6,7.1,7.3,63,5.7,53,2,2,no
109,Intern_109,20,female,Web Dev,3,93,82,3.9,8.6,3.7,4.8,4.6,4,86,7.4,67,5,10,No
419,Intern_419,27,female,Web Dev,6,93,84,5.5,,4.3,4.6,3.1,3.6,75,4.6,136,5,2,yes
928,Intern_928,27,Male,Data Science,6,69,91,7.2,4.7,6.5,5.2,3.8,9.4,65,6.4,121,1,3,no
671,Intern_671,19,female,Marketing,9,74,92,5.9,4.4,8.7,9.8,4.4,10,64,5.6,100,6,0,No
41,Intern_41,27,male,HR,6,77,87,3.3,3.4,3.4,,8.8,5.3,74,4.3,21,1,12,no
321,Intern_321,20,male,data science,6,89,81,8.1,6.3,5.9,5.9,7.5,3.3,40,4.9,106,6,10,No
24,Intern_24,27,Male,HR,6,91,59,9.4,7.2,9.7,4.9,7.7,7.1,83,9.2,95,3,0,No
138,Intern_138,27,Male,data science,6,96,99,6.9,5.2,3.9,8.7,3.1,8.2,53,5.8,81,4,11,yes
91,Intern_91,19,Male,IoT,Six,72,61,5.6,,5.3,,5.4,4.2,95,,104,5,8,no
450,Intern_450,21,male,Data Science,6,89,55,7.3,,7.8,5.3,8.2,3.4,62,6.1,149,0,8,No
813,Intern_813,25,female,Web Dev,6,88,54,5.7,7.8,8,5.1,3.1,8.1,55,7.1,10,4,0,no
552,Intern_552,24,Female,HR,3,61,57,9.7,6.9,8.5,8.6,4.8,6.3,46,7.1,77,0,1,Yes
954,Intern_954,21,Male,HR,Six,66,92,9.2,5.6,6.5,6.1,6.6,5.4,86,7.3,36,5,2,Yes
357,Intern_357,22,Female,Web Dev,9,74,72,4.4,,5.5,4.4,3,5,64,5.6,53,6,1,no
893,Intern_893,22,Male,HR,9,79,58,4.7,,6.9,9.6,4.3,7.3,62,9.8,46,1,5,No
924,Intern_924,20,female,data science,Six,81,73,4.7,,4,8.3,9.8,5.7,63,6,90,6,6,no
730,Intern_730,24,Female,IoT,9,77,76,7.7,8.4,9.5,3.5,7.4,6.7,68,,124,2,3,Yes
914,Intern_914,26,Female,data science,6,72,86,9.3,8.8,7.1,8.5,5.7,3,90,6.2,40,5,1,Yes
411,Intern_411,27,Female,Marketing,6,82,58,7.5,6,7.7,,3.2,8.2,62,4.3,26,6,2,No
271,Intern_271,24,Male,IoT,9,67,83,4,7.9,8.6,,4.2,3.6,75,6.3,112,6,11,yes
997,Intern_997,20,Female,Web Dev,6,90,76,5.4,8.9,5.7,5.5,3.8,4.9,75,6.1,74,0,6,Yes
733,Intern_733,20,Female,Data Science,3,88,98,5.5,,9.3,,6.4,9.2,81,8.8,16,2,1,No
582,Intern_582,21,Female,Marketing,Six,100,86,9.9,,3.6,5.3,9.3,5.9,99,8.3,100,5,10,no
600,Intern_600,23,male,Web Dev,Six,74,71,7.6,3.8,8,6.9,6.3,3.1,80,5.7,41,4,9,yes
182,Intern_182,23,male,data science,3,80,84,4.9,,9.2,8.5,9.4,4.2,41,7.6,118,6,2,No
47,Intern_47,20,male,Web Dev,3,70,60,5.1,5.9,6.1,6.9,5.7,6.7,92,7.3,108,0,13,Yes
173,Intern_173,20,Male,Marketing,6,100,100,4.8,4.3,7.3,4.2,7.1,6.2,44,,78,2,9,yes
653,Intern_653,23,male,data science,6,70,66,5.3,8.4,5.2,7.5,8,5.2,100,9.3,8,1,7,yes
103,Intern_103,26,female,data science,3,61,77,7.7,9.9,8,6.2,6.8,6.5,93,,98,2,9,yes
409,Intern_409,23,Female,data science,3,74,74,5.8,9.8,7.2,9.8,5.7,9.5,67,9.3,32,0,11,No
768,Intern_768,26,male,Web Dev,9,86,51,6.4,3.5,8.6,6.7,4,4.5,57,8.2,94,0,6,yes
67,Intern_67,21,Male,HR,Six,81,58,6.8,4.3,5.3,4.7,5.2,5.3,78,4.7,131,3,8,No
800,Intern_800,25,female,Web Dev,9,75,50,8.3,8.2,5.7,3.3,6.7,4.9,93,5.8,135,1,4,yes
568,Intern_568,25,male,data science,3,64,95,9.1,,7.7,5.8,7.8,7.3,50,9.9,120,0,9,No
638,Intern_638,23,Male,Data Science,9,90,57,3,6.4,9.1,6.4,3.7,8.7,52,9.7,116,0,5,yes
396,Intern_396,27,Female,Marketing,9,86,81,7.2,8.5,3,3.3,5.2,6.2,75,6.7,50,6,7,no
762,Intern_762,19,female,Data Science,Six,89,86,4.9,,8.8,8.6,7.2,6.9,61,5,60,3,2,no
512,Intern_512,20,Male,HR,9,83,52,6.7,5.4,8.6,9.1,8.2,4.2,60,9.1,147,2,5,No
